Filename,Label,Contrast0,Contrast45,Contrast90,Contrast135,Homogeneity0,Homogeneity45,Homogeneity90,Homogeneity135,Dissimilarity0,Dissimilarity45,Dissimilarity90,Dissimilarity135,Entropy0,Entropy45,Entropy90,Entropy135,ASM0,ASM45,ASM90,ASM135,Energy0,Energy45,Energy90,Energy135,Correlation0,Correlation45,Correlation90,Correlation135
08-11-2022-09-29-23_jpg.rf.64d249dc62a73d0ad8ae3edc94ba641c.jpg,fresh,1267.5561638779527,1472.0560481120965,477.8138533464568,1439.8409696819394,0.09204021268660093,0.08440652144000786,0.16112809741790302,0.084914345187841,22.43743848425197,24.863661727323457,13.084891732283467,24.138322276644555,9.340168960578616,9.405315835722321,8.967101810781461,9.380260817412193,0.000157200814889911,0.0001449674298691396,0.00033719378962195437,0.00014403717814813645,0.012537974911839273,0.012040242101766043,0.018362837188788513,0.012001548989531995,0.8439164427819242,0.8181800617133572,0.9415817229232316,0.8221680749081254
08-11-2022-09-31-38_jpg.rf.a062a431d30171b3151f796c8891edba.jpg,fresh,1471.5006766732286,1676.182590365181,492.808378444882,1578.3122946245896,0.08364688054301488,0.07134619958341462,0.13841117771261818,0.07494211816983695,24.7099532480315,27.323516647033298,13.876414862204726,25.840349680699365,9.457814613853245,9.524627116066082,9.090426801264446,9.482566415059924,0.00011135727837861931,0.00010207975031859295,0.00020156851837141177,0.00010646577186266161,0.01055259581234017,0.01010345239601756,0.0141974828181411,0.010318225228335618,0.8138539175758259,0.7871174555815976,0.9375576732713439,0.7995399162895016
08-11-2022-09-33-12_jpg.rf.b59993e6f78e188270c733c129b26ade.jpg,fresh,1458.7942913385832,1647.2806745613493,468.7119832677165,1529.1511563023125,0.08496531472230424,0.0735494790163711,0.14180804187402452,0.07929159334073818,24.18737696850394,26.55911711823424,13.48265255905512,24.985367970735943,9.426626673125662,9.491306151500766,9.069268037092305,9.44326744475042,0.00011584154027683058,0.00010576808307190924,0.00022126332094461065,0.00011129385517497556,0.010762970792343096,0.01028436109206154,0.014874922552558404,0.010549590284697105,0.8162636901649766,0.7923450700069156,0.9409486560601421,0.807235056131535
08-11-2022-09-33-46_jpg.rf.ac147752030f734136104ffe9551a7d7.jpg,fresh,782.4564468503937,1186.1437162874327,819.8797367125984,1290.742947485895,0.12722907955668905,0.0983645973258044,0.1214228512173668,0.092627714184485,17.069758858267715,21.869675739351482,17.80062746062992,23.32934465868932,9.130944933341667,9.297343701635087,9.171479178552028,9.336727420689,0.00038028243781096935,0.0002867923771683615,0.0003684095502956631,0.0002868173632683058,0.019500831721005373,0.016934945443324034,0.019193997767418414,0.01693568313556633,0.9036252698456217,0.8533671432741772,0.8994492232918578,0.8404353015921245
08-11-2022-09-38-25_jpg.rf.98422f41a439f4b9caf5c2569a1dc0d5.jpg,fresh,1359.7930610236222,1478.1742203484405,343.19808070866145,1375.9038998077995,0.0921470995847907,0.08677032548606008,0.1584519550396377,0.09013303610802341,22.884842519685044,24.441316882633764,11.829847440944885,22.979725959451915,9.358647556148565,9.406526355484461,8.960370039761454,9.368612257130804,0.0001529663093505875,0.0001424457557824533,0.00028629836312407014,0.00014914971859827776,0.012367954938088491,0.011935064129800615,0.016920353516521755,0.012212686788675035,0.846849628247178,0.8332387446978956,0.9612643655926499,0.8447736079479523
08-11-2022-09-43-56_jpg.rf.b5ef34f9e1893a5f1f1aa2a0a560a6d4.jpg,fresh,1195.0999015748034,1301.2566805133606,428.0225762795277,1301.551677103354,0.08499983566102488,0.077425433603231,0.14264428945886815,0.07744660671173235,22.34190452755906,23.88982577965156,13.4007750984252,23.752185504371006,9.40290919981773,9.451981171844468,9.066123690813068,9.43495595640713,0.00011892186870311242,0.00011109588838310911,0.00020786540596518693,0.00011300636402500404,0.010905130384507671,0.010540203431770617,0.014417538138156143,0.01063044514707658,0.8490189284590208,0.8351795083691282,0.9459708241054376,0.8351382561395394
08-11-2022-09-45-03_jpg.rf.a49d4537fe3dd72023e0d0a4de87dd59.jpg,fresh,843.8387057086618,1306.7713435426872,932.9109251968505,1374.4007688015372,0.10917096497543062,0.08175255068473099,0.09735048797281373,0.08148800313753803,18.184670275590552,23.50753301506603,19.26820866141732,23.79924359848719,9.219826151113704,9.387241771044676,9.276435124776869,9.387366738139907,0.0001632782196228455,0.00012198406193575983,0.00013900076628278252,0.00011952581410277828,0.012778036610639582,0.011044639511353906,0.011789858620135464,0.010932786200359828,0.8872607874053988,0.8256917779233625,0.8755713832181768,0.8166893964621276
08-11-2022-09-47-10_jpg.rf.20ec2482773aebeeb865ae66cd2b8a28.jpg,fresh,596.2358513779529,1227.2773265546534,944.974470964567,1216.3507967015933,0.14630199821487047,0.11154414063058785,0.13602680508793205,0.11508819130531862,14.84030511811024,21.302746605493216,17.93177903543307,21.10347820695641,8.909236113558439,9.131595528120481,9.007537976651927,9.125391144927612,0.00066620427430308,0.00045808362433266497,0.0006053961692884322,0.00047918534673947006,0.025810933231928675,0.021402888224084735,0.024604799720551115,0.021890302573045216,0.9349369058350239,0.8653917895024331,0.8963240604535899,0.8665937946275124
08-11-2022-09-49-06_jpg.rf.66815dc6116155b7a9bd127b4c999f85.jpg,fresh,1309.1213705708662,1426.6790253580507,408.4877583661417,1400.8875937751877,0.0961806283524555,0.08778150758567577,0.15532486196561263,0.0877712936111217,23.01359498031496,24.52154504309009,12.805671751968505,24.261020522041044,9.345787867992922,9.392231087292329,8.967401774995864,9.37995731519627,0.0001593237439404566,0.00015135426141644023,0.00031879885537114817,0.0001527150428595606,0.012622350967250777,0.012302611975366867,0.01785493924299795,0.012357792798860182,0.8372364616620736,0.8222082005839522,0.9491165243576842,0.8254224331787252
08-11-2022-09-52-24_jpg.rf.24af462e04cd0538f83a6fc87170fc19.jpg,fresh,1287.9392224409448,1421.6990513981025,418.2061392716535,1392.3150226300454,0.08922561667993756,0.07799712374897803,0.14615784571698423,0.079616594922423,22.712844488188974,24.545105090210175,13.329908956692913,24.141174282348565,9.353555932890744,9.402499363315831,9.007709119028998,9.394113791057602,0.00013165187463187424,0.00012497662790601167,0.00026894786455588534,0.0001234659298632256,0.011473965078902509,0.01117929460681718,0.01639963001277423,0.011111522391788876,0.8295871058808598,0.811237195015564,0.9445746059888837,0.8151393308440215
08-11-2022-09-54-18_jpg.rf.0a4f77d4996b8beaffe9bac657fa5584.jpg,fresh,1277.8342150590554,1428.1554963109925,426.7502460629921,1366.2052824105651,0.08607794021774949,0.07666591977180282,0.14288209458134818,0.07800977851742916,22.706262303149614,24.67865335730671,13.455339566929133,24.015810031620063,9.383569247642072,9.439533679542476,9.050963506552831,9.419114755620415,0.00012399646381324017,0.00011618728674868219,0.00022814675756304635,0.00011787096548339046,0.011135369945055268,0.010779020676697962,0.015104527717311996,0.010856839571596812,0.8350856686623107,0.8149634562174795,0.9448407708025759,0.8229890462639466
08-11-2022-09-59-27_jpg.rf.e10ea4770f1d5c992126b3df218337f1.jpg,fresh,1265.5168553149608,1352.1983383966765,383.5778789370078,1359.7603695207392,0.09431691361785559,0.08725757413012655,0.15330075819087033,0.08907692404529506,22.211983267716544,23.64703329406659,12.619094488188978,23.29028458056916,9.305947493804705,9.35173622464733,8.960743722983759,9.334474246064731,0.00016338228477238208,0.00015803516014000835,0.00035287924579755403,0.0001560996983981692,0.012782107994082277,0.012571203607451769,0.018785080404340942,0.012493986489434394,0.8402602008743387,0.8288345780845671,0.9514965682384376,0.827882158912957
08-11-2022-10-00-44_jpg.rf.585c200a85be5a2b64ea20674a65d3ea.jpg,fresh,1313.0551796259842,1443.6398412796827,357.2515994094488,1397.0416020832042,0.10358956193617769,0.0938280952701203,0.17355045099724942,0.09694834366848568,21.986651082677167,23.918841837683676,11.98400590551181,23.08289416578834,9.231010249780203,9.294083080976527,8.865686844368534,9.2689795694061,0.0002842530099122698,0.00025530604722316766,0.0005507979155606748,0.00027144706778718533,0.016859804563288085,0.015978299259407042,0.02346908425057686,0.016475650754588886,0.8433706293827657,0.8274591500375844,0.9573202570212411,0.8330310751652839
08-11-2022-10-05-29_jpg.rf.e15d2c02bf839936c7015fdbbccb2085.jpg,fresh,1255.716658464567,1450.6421972843946,485.6004552165354,1433.5561411122826,0.08146935255739993,0.070354242608717,0.1365601231440385,0.07387409799158909,22.80979330708661,25.094302188604374,13.823880413385824,24.62886725773452,9.40599036579309,9.465894596881874,9.090221142215846,9.450318546467676,0.00011491630649276923,0.00010528565914221538,0.00018987348765713154,0.00010658493633931904,0.01071990235462848,0.010260880037414695,0.013779458902915294,0.010323998079199696,0.8345034876881483,0.8079557188878214,0.9360849738349378,0.810207774916437
08-11-2022-10-07-09_jpg.rf.219d8e5005fc2a5dd7150d9de943779f.jpg,fresh,1365.0840920275596,1476.9722859445717,420.15212844488195,1512.4218488436975,0.09278520065428697,0.08474914468926308,0.1460048194888254,0.0824190923365323,22.815391240157485,24.302436604873204,13.000061515748035,24.73246946493893,9.332688970222652,9.37680724933671,8.99437400735785,9.387505475445401,0.0001600257106764214,0.0001525209200830702,0.00030761279784278324,0.0001505950683796711,0.012650126903569838,0.012349936035586184,0.017538893860297555,0.012271718232573265,0.8265970135215456,0.8119933452656775,0.9465401977341684,0.8074831367464236
08-11-2022-10-07-33_jpg.rf.2f22d51c62f84f13eb37afcd957ca279.jpg,fresh,1381.396407480315,1511.0084320168644,435.99095718503935,1527.2395684791372,0.09028311053392468,0.08132260242316133,0.14523584156176977,0.080558184741985,23.32541830708661,25.035340070680142,13.37629183070866,25.115940231880465,9.366404471961223,9.423877300688297,9.04153486442818,9.420527823157729,0.00013858639777826432,0.00013123276293052678,0.000263922463880084,0.00012901092204317216,0.01177227241352596,0.011455686925301634,0.016245690624903702,0.011358297497564156,0.8213053573987985,0.8040120760242161,0.9434799740942194,0.8018992564048999
08-11-2022-10-08-15_jpg.rf.6c7bb54f863385af2f554d66a30b0433.jpg,fresh,1344.2354207677167,1637.9986359972718,543.8401205708662,1548.0022940045878,0.08831650364149013,0.0745022443019927,0.1345327192506482,0.07732376101670708,22.737881397637793,25.942091884183764,14.134534940944887,25.00310000620001,9.364995492183656,9.45305592107953,9.084717953959961,9.429855555718177,0.000152919007009889,0.00012504005415971643,0.00023346543275117805,0.00012917813671203007,0.01236604249587915,0.011182131020503938,0.015279575673138899,0.011365656017671399,0.8271408263534814,0.7879028519584188,0.9296477401138594,0.7995529071600843
08-11-2022-10-09-30_jpg.rf.8c70938319f66455d5cbe51c2652c862.jpg,fresh,1346.5186392716532,1551.4303428606859,485.33439960629914,1528.7187054374112,0.08777520984800166,0.07836369420510818,0.14103143311717906,0.07969485154434278,22.81391486220472,25.08971417942836,13.645792322834644,24.647777295554594,9.355862830422332,9.41389202181377,9.036454674171237,9.407427071385113,0.00014012466989777724,0.00012929730118868758,0.0002678674790943332,0.0001295913683649551,0.011837426658601827,0.011370897114506295,0.016366657541915307,0.011383820464367624,0.8310140433462092,0.8043022969228316,0.9388415058364832,0.8071709093929103
08-11-2022-10-10-49_jpg.rf.d183f0ff7c33b33ad680d673f080edc8.jpg,fresh,1311.132258858268,1517.2184264368532,521.6875615157481,1549.267282534565,0.08125663207896171,0.07198294142928896,0.1418636763458087,0.07591964728311411,23.28875492125984,25.41236282472565,14.015317421259844,25.63395126790254,9.390667602635421,9.441226118464572,9.05294157671473,9.430665020416944,0.00012803229952163027,0.00011513787055102167,0.00023919847644382798,0.0001170060620237801,0.011315135859618755,0.010730231616839484,0.015466042688542793,0.010816934039910759,0.8355701238789832,0.8082488029175965,0.9346686173485587,0.8041917499641491
08-11-2022-10-11-13_jpg.rf.4973ddacc1f4c38eb9d982f86bfd8cbf.jpg,fresh,1190.4932332677163,1400.203050406101,525.7401574803149,1422.5387190774381,0.0973804594618138,0.08620670372880322,0.15413127935764834,0.08769691512026588,21.634227362204726,23.864529729059463,13.748892716535433,23.954181908363818,9.29369109378109,9.348509081721504,8.994430079507294,9.345412411400414,0.00016736514185918994,0.00015278615714401744,0.0002751974498089621,0.00015503298413131644,0.012936968031930432,0.012360669769232469,0.01658907621927641,0.012451224202114282,0.8543046161555244,0.8278580699281199,0.9356167100166493,0.825099013952789
08-11-2022-10-11-28_jpg.rf.fe7c60b0658c4e7717dd9a5eef83e98d.jpg,fresh,1159.0473056102364,1377.4163308326615,508.6034079724409,1388.1664083328167,0.10655336092741365,0.09491893871813431,0.1666420994277166,0.0950609116419679,21.151513287401578,23.37355074710149,13.332492618110237,23.443238886477772,9.255836571683083,9.314687728813578,8.936841562346608,9.316941799088509,0.00020399985868331112,0.00018015746862915384,0.0003599499996851556,0.00017927718910803924,0.014282851910011218,0.013422275091397652,0.01897234829126736,0.013389443196340885,0.8583203231996784,0.830484993777408,0.9375230192467636,0.8291516244964512
08-11-2022-10-14-47_jpg.rf.a98e73ebdb6ff7ac488dfc55799fd68e.jpg,fresh,1310.714259350394,1452.9395498790996,426.0102731299213,1441.6449872899743,0.09074145230720908,0.08436252654933969,0.1518789279862853,0.08217510112953848,22.935962106299215,24.636865273730542,13.107221948818898,24.54336908673817,9.33476742993863,9.389892230543973,8.976797648378756,9.375359713923851,0.00014908373322606024,0.00014122528090055865,0.0003100195409375194,0.0001390803203207249,0.01220998498058291,0.01188382433817324,0.017607371778250138,0.011793231970953716,0.8349759678191448,0.8163020356749487,0.946427598101091,0.8177225376525251
08-11-2022-10-15-51_jpg.rf.4e215b18c0c4eb673fa369eec1697d82.jpg,fresh,1382.2925073818897,1404.2363444726886,361.6097440944883,1498.4904829809657,0.08565265266643558,0.08203279282549755,0.14934584904496886,0.07513177651681874,23.688668799212596,24.254076508153013,12.439099409448824,24.994419988839972,9.343625726730341,9.361884962042001,8.948569689700623,9.382529622250923,0.00014468650763473402,0.00014628208312774733,0.0003079117486359974,0.0001370968083866851,0.012028570473449204,0.012094713023786357,0.01754741430057424,0.011708834629743693,0.8228312785518965,0.819691171909822,0.9537392733775818,0.8075832550972403
08-11-2022-10-18-18_jpg.rf.d6da7b4dc5d78f9e6789167da2dc0430.jpg,fresh,1432.286909448819,1487.0765701531402,352.2161048228346,1527.5377890755783,0.08847307864384338,0.08106191945120055,0.14559216317441678,0.08181417008785208,23.886318897637796,24.934837869675743,12.393762303149606,24.873767747535496,9.35359835327948,9.382211245821892,8.968627708849626,9.38143688489357,0.0001506787681544113,0.00014866537266089598,0.0003318788986210785,0.00014535183140674423,0.012275128030061897,0.012192841041401958,0.01821754370438228,0.012056194731620099,0.8170250260792599,0.8096667989015908,0.9549185172975962,0.8044900157708892
08-11-2022-10-20-46_jpg.rf.fd5f19edd88dbe88493007e7935f662d.jpg,fresh,1432.2750369094492,1524.531031062062,328.294783464567,1485.9844999689997,0.08285721474987204,0.07967147842874193,0.1564614147638459,0.07872851925744782,23.798781988188978,25.169012338024668,11.795398622047246,24.453344906689814,9.371377886591663,9.405000837169116,8.941744191718909,9.38320934415559,0.00013467544024931802,0.00013185549342144623,0.0003339696620799493,0.00013267426869654404,0.011604974806061322,0.011482834729344764,0.01827483685508435,0.011518431694312556,0.8130886163109298,0.8007784864712483,0.9572013761797047,0.8058203502160953
08-11-2022-10-21-39_jpg.rf.87f41a89d0c85b1cb54c613622b58d05.jpg,fresh,1488.5412155511813,1607.2887345774689,294.0180241141732,1495.969433938868,0.09811914180495193,0.08837365978162418,0.16869143709907738,0.09190168456208622,23.300196850393704,24.853989707979412,11.08802903543307,23.57362514725029,9.275256171890332,9.328031486392637,8.850336092584596,9.285942889537209,0.00027410003550475863,0.0002559960479831679,0.0005590171702804344,0.0002710357581419484,0.016555966764425407,0.015999876498997357,0.023643543945027243,0.016463163673545507,0.8292811004810065,0.8155931352066551,0.9662958563246568,0.8283638872067475
08-11-2022-10-22-15_jpg.rf.5efaa3ec1a81cdb9a8db52842267ecef.jpg,fresh,1425.8300319881891,1581.634509269019,432.95189468503946,1563.5321470642943,0.07768832495084552,0.07114329750133691,0.14048281527704903,0.074568908959421,24.148683562992126,26.14576229152459,13.281988188976381,25.68503937007874,9.433771097385938,9.487394409429434,9.068197437403118,9.465902099833974,0.00011288987421724842,0.00010443420973642122,0.0002096534344435877,0.00010734220736840011,0.010624964668988242,0.010219305736517584,0.014479414160924733,0.010360608445858772,0.8182783345008358,0.797834497329458,0.9450794114923197,0.800142358807423
08-11-2022-10-27-08_jpg.rf.81f024f99d75d0981beb3dcc32685b7d.jpg,fresh,1491.6174335629926,1689.8363816727638,491.38914862204723,1706.9893979787962,0.08483256338049197,0.07901539091704213,0.1466280808040542,0.07783267975207817,24.082246555118115,26.23008246016492,13.241756889763781,25.99417198834398,9.354143328942254,9.404113018748673,8.984111702316754,9.393014373278316,0.00015437024282251695,0.00014470219280819242,0.0003141480892336784,0.00014580158120574164,0.012424582199113052,0.012029222452352955,0.017724223233577217,0.012074832553942172,0.8083580534357544,0.7822104605287004,0.9367499217024973,0.7800150078530702
08-11-2022-10-29-08_jpg.rf.7724df4e824258659d7c2a62cd8fb15a.jpg,fresh,1294.020915354331,1424.1967263934528,347.84639517716545,1344.7291214582426,0.08942024753061649,0.08010044742216324,0.15195928423321864,0.08249227809419045,22.391240157480315,24.40306280612561,12.331631397637798,23.251410502821003,9.344613890918083,9.401153534512156,8.985969914652468,9.36722423437751,0.00015140722420116715,0.00014276096504328906,0.0003345070166702835,0.00014911704446758135,0.012304764288728457,0.011948262009317048,0.018289532981196746,0.012211349002775302,0.8270876542119241,0.8091729568303571,0.9535135831593954,0.8198328762312223
08-11-2022-10-29-33_jpg.rf.7eed8c2f6c3a9ea4bf80b0be0c751df8.jpg,fresh,1224.2212106299214,1396.248434496869,397.4480191929134,1294.9614979229957,0.09244875928136329,0.0805195543527349,0.14351938140052314,0.0838795639672773,21.85999015748032,24.023374046748096,12.898929625984254,22.994977989955977,9.322956485209945,9.3921229988052,9.015329731696598,9.363212437185014,0.0001488434373353122,0.00013559379837465115,0.0002957020684549182,0.00014195756582969545,0.012200140873584706,0.01164447501498677,0.017195989894592232,0.011914594656541844,0.8342476101440801,0.8103253879848966,0.9461353812086075,0.8240909744230723
08-11-2022-10-30-08_jpg.rf.c45191f1f942657e120fcb6b3f42f663.jpg,fresh,1191.2422490157483,1361.1044082088165,408.0398622047244,1263.0948601897205,0.08855907332384058,0.07720435111939894,0.1432197049275496,0.08102744495698566,21.786171259842522,23.941533883067766,13.031496062992126,22.91183582367165,9.304309642114442,9.369771727442014,8.984579491919247,9.34472231716055,0.0001442570023811923,0.00013554190416707453,0.00027886621935353247,0.00013765803463158788,0.012010703658869961,0.011642246525781634,0.016699287989418367,0.011732776083757326,0.8292173317086885,0.8039490776399946,0.9413455963378348,0.8180790643218656
08-11-2022-10-31-37_jpg.rf.6daf891d1b5ee0e0d843c151f6fda255.jpg,fresh,1385.8411663385828,1488.2437844875692,353.37992125984255,1461.0276520553043,0.09243080180515191,0.08628813707515716,0.15120146703935766,0.08684209368484698,22.89406988188977,24.26573253146507,12.123400590551181,23.86539773079546,9.320453616569214,9.3550546314025,8.938754516082469,9.36031890688745,0.00015644019325148023,0.0001503240652956599,0.00034801278098649946,0.00014783122132429398,0.012507605416364887,0.012260671486328142,0.018655100669428173,0.0121585863209624,0.8266321174166434,0.8134148054212391,0.9557058147620536,0.8168359119336975
08-11-2022-10-31-54_jpg.rf.c05fb3c0a12d8519e0e43ca0428069a6.jpg,fresh,1330.4211983267717,1454.1360282720561,356.18510088582684,1397.8452476904959,0.09269469808916313,0.08318319286206267,0.15222856621903735,0.08393877873009341,22.65421998031496,24.31632463264926,12.204047736220476,23.668919337838684,9.30846285666846,9.350655682587359,8.929968053581629,9.34250138150401,0.00015999922136563022,0.000156338027351484,0.0003522832363047539,0.00015193278573053526,0.01264907986241016,0.012503520598274871,0.018769209794361454,0.012326101805945596,0.8238098059246777,0.8069062875456469,0.952742111441272,0.8143896579413576
08-11-2022-10-32-19_jpg.rf.eed1deec285a6be463f2c6c389d14e7a.jpg,fresh,1373.8663877952758,1436.43133486267,349.83630659448824,1470.983507967016,0.08887475053190977,0.08348323087195478,0.15555215269616093,0.08215262516165203,23.215797244094496,24.346146692293388,12.127399114173231,24.41298282596565,9.338391783778558,9.372470660347293,8.939498422854378,9.369828438431304,0.00015742786612526355,0.00015509256636964515,0.00034681319362638735,0.00015009150236540913,0.01254702618652179,0.012453616597986512,0.018622921189394195,0.01225118371282584,0.8280294897229686,0.8197927272214668,0.9561705223603174,0.8154643915228602
08-11-2022-10-34-19_jpg.rf.2cccb035fabfe26ac294b5fc0831a69a.jpg,fresh,690.153850885827,1244.3443486886972,860.2455708661417,1268.48620497241,0.1245579931846719,0.09154637143379277,0.11477080686625135,0.09087562761535305,15.698142224409454,21.919275838551673,18.03986220472441,22.16070432140864,9.110884778143786,9.318596331710603,9.198389822150236,9.317853666090276,0.0002752561047114282,0.00018350368401400197,0.00022885061639263903,0.00018891990167885106,0.01659084400238361,0.013546353162899673,0.015127809371903092,0.013744813628378198,0.9130892066894037,0.8425191657225289,0.891888010531518,0.8394601393807465
08-11-2022-10-34-35_jpg.rf.05cc16e3d6ed30a28f58538b648b8947.jpg,fresh,1447.570435531496,1493.9239878479752,389.5644069881891,1607.1214582429166,0.09897920950135887,0.09234758634867749,0.16399831987115965,0.08787981801969241,23.493171751968507,24.271064542129082,12.436946358267718,25.234794469588934,9.314882498642373,9.344356088109564,8.924998988602933,9.364190247441092,0.00020141715088117684,0.00019978885515462138,0.0005070943369425802,0.0001885489541950625,0.014192151030804909,0.014134668554820144,0.02251875522631258,0.013731312908642877,0.8231749390847717,0.8168607609495976,0.952306394143049,0.8029971265246661
08-11-2022-10-36-28_jpg.rf.8fe28da4c0bd2a2a8bfbda507a0c1d22.jpg,fresh,1151.6216781496062,1281.3315146630293,359.98111466535437,1224.220224440449,0.08975614286233699,0.08264093080899267,0.1457642061963711,0.0848040118867276,21.37020177165354,23.22437844875689,12.456139271653544,22.412920825841653,9.318018162341547,9.369501910242391,8.992046932621303,9.361161038363884,0.0001368191823297709,0.00012877067108216922,0.00023973015475327834,0.00013001997607938425,0.011696973212321677,0.011347716558064411,0.015483221717500474,0.01140263022637252,0.8444560830748041,0.826500759028492,0.9517585506617349,0.8342479180960914
08-11-2022-10-36-59_jpg.rf.c23707252ad03027152a7a1fa9cfaece.jpg,fresh,1448.073388287402,1531.3918407836813,333.62832185039383,1523.9578399156794,0.09221240748843162,0.0853460522805004,0.16249548360467497,0.08445041536135706,23.538816437007878,24.966767933535863,11.885580708661422,24.38762477524955,9.311326218636692,9.343284358536383,8.898499132211292,9.328868298577605,0.00016323659356303093,0.00015788908755571862,0.00037148987872194505,0.0001567416489659688,0.012776407693989376,0.012565392455300337,0.01927407270718737,0.012519650512932412,0.8163072348587419,0.8054526274014151,0.9576622136581429,0.80640993342565
08-11-2022-10-39-04_jpg.rf.e139e6035a83b867779b8acf9c5e640b.jpg,fresh,1405.1112204724411,1690.291772583545,529.6653543307086,1689.0732221464446,0.08544627528361382,0.07660751685052096,0.1478269570114947,0.0757632812245079,23.0804625984252,25.974331948663902,13.384596456692911,25.596503193006388,9.314695608087684,9.375165726221503,8.968973811063227,9.362412753036963,0.0001492275323417835,0.00013233599534345205,0.0002712013480667586,0.00013367563470200413,0.012215872148225173,0.011503738320365779,0.016468192009651775,0.011561817966998275,0.8223695096975693,0.7856279403684094,0.9329614604374924,0.785795209294335
08-11-2022-10-39-47_jpg.rf.18bcd750290ebbcdd94d52c3d5e9b5d8.jpg,fresh,1448.7539370078741,1757.271250542501,538.8180979330709,1698.0201500403002,0.09240060685341397,0.08139646096146107,0.15447564214473372,0.08155463669881316,23.56631397637796,26.658441316882637,13.428088090551181,25.845681691363385,9.280087958655518,9.351998062032633,8.920894259391353,9.337202617757235,0.0001800970398815798,0.00015368373473432422,0.00036130284662913093,0.00015413540654100964,0.013420023840574197,0.012396924406251907,0.019007967977380722,0.012415128132283196,0.8180723261197953,0.7789576444287355,0.9323373797729473,0.7864249939649164
08-11-2022-10-40-10_jpg.rf.632d8ade74cf5b1ffe1abd4a9681d47b.jpg,fresh,1503.57000492126,1798.5296670593339,507.70066437007875,1748.7612375224749,0.09401206689306837,0.08358076751615398,0.15881378658308995,0.08080912246777508,23.719242125984252,26.535123070246136,12.931348425196852,25.96775993551987,9.264295738609162,9.335836679184666,8.893850775470378,9.319560294840958,0.00019746267519878789,0.00017731097524319167,0.0003798510404637997,0.00017559462237778706,0.014052141302975425,0.013315816732111916,0.019489767583627048,0.013251212109757623,0.8200515915230832,0.7844009017109688,0.9392382524816255,0.7903779818973367
08-11-2022-10-42-30_jpg.rf.c906bed7c5168c83c0362f89d3f2e536.jpg,fresh,1403.6117741141732,1678.5447330894663,513.6477608267717,1624.0000000000002,0.08278965675471092,0.07667605348320936,0.1516177574979836,0.07858568125150729,23.523929625984252,26.11110422220845,13.328863188976378,25.55297910595821,9.325400021963057,9.391605607543742,8.979871626960529,9.38801234742801,0.00014315769598336072,0.0001304351297399972,0.0002742476188077376,0.00013252627410456633,0.011964852526603105,0.011420820011715323,0.016560423267771195,0.011512005650822376,0.8219165018931056,0.7864861602659066,0.934772982293263,0.7934375171762712
08-11-2022-10-43-39_jpg.rf.c68ed3aca95199f714bbf46f14f1fdae.jpg,fresh,1397.3056102362207,1615.2449624899252,476.4085260826773,1621.159650319301,0.08602693233930828,0.08109639793045625,0.1517736302628825,0.07749571918720582,23.324064960629922,25.42674685349371,12.932148129921263,25.533387066774136,9.332921400116037,9.376605563564048,8.970556588521166,9.389350225660879,0.0001442021316659821,0.00013501527406055617,0.0003001068624207562,0.0001339331837321992,0.01200841919929439,0.011619607310944555,0.017323592653394854,0.01157295051973347,0.8212604483958091,0.7927194474391446,0.9389532891968516,0.7919767375955177
08-11-2022-10-46-18_jpg.rf.1a981210a764ddc1e1bca53d92e9b7d8.jpg,fresh,1271.7728223425202,1390.944757889516,344.6508366141734,1342.346394692789,0.09573881411063684,0.08620631274099638,0.1618356903311975,0.0868257181748331,22.44814222440945,24.000496000992005,11.868356299212602,23.485212970425938,9.306906378803117,9.34599202562292,8.918274941235882,9.339379524739101,0.00022556972604179587,0.00021498616994381983,0.0004606453304703486,0.00021688511353958658,0.015018978861487084,0.014662406690029432,0.021462649660988938,0.014727019845833935,0.8385895517635402,0.8230310631233468,0.9562379181162374,0.8292243825935204
08-11-2022-10-47-17_jpg.rf.f8b02663f04c4dd91f9d6351489213b8.jpg,fresh,597.6113435039372,957.8661417322835,635.4018823818899,990.7877115754229,0.12581840311197073,0.09627129798412079,0.12056170565731186,0.09848466771077435,15.164370078740161,19.60797321594643,15.676734744094492,20.076694153388303,9.05255279366641,9.21764453199353,9.081647527359355,9.234854497173906,0.00039109953708188684,0.0002608683374723063,0.00033354204892003543,0.0002621061104233932,0.019776236676422712,0.016151419054445535,0.01826313360078263,0.016189691486356163,0.9209075934124789,0.8734534483260012,0.9163937892373305,0.869104518394939
08-11-2022-10-48-28_jpg.rf.a2ba9bf4b7e456e5f1a1332007ce7b59.jpg,fresh,1459.35906742126,1596.1637423274847,385.5598548228346,1556.9834459668923,0.09456829152960092,0.08646403280167472,0.15385837145768105,0.08638636666956509,22.97422490157481,24.41496682993366,12.271961122047244,24.382416764833533,9.328698233748787,9.367775230619829,8.959389877006581,9.370736046600866,0.00014280009028768063,0.0001329087536344829,0.000271311089497179,0.0001353170292675758,0.011949899174791419,0.01152860588425517,0.01647152359368067,0.011632584805948152,0.8189751385016362,0.8014878227541651,0.9520978641794219,0.8063571509252824
08-11-2022-10-51-58_jpg.rf.97d565be28d61d666bdbe013adb847e4.jpg,fresh,1167.2776205708662,1277.6580693161386,284.0073203740159,1209.7804575609152,0.12282338575910838,0.10728973160190328,0.18517830041534666,0.10976450686823286,19.968565452755907,21.512989025978055,10.326587106299215,20.813751627503258,9.160160972914248,9.207474658203557,8.758538076460825,9.19238233594592,0.000261907384166331,0.0002371315425252216,0.00048036094607345475,0.00024848291993068584,0.01618355289070762,0.015399076028295386,0.02191713818164805,0.015763341014223026,0.8716830219237559,0.8593968916982573,0.9688513606790331,0.8668697387659813
08-11-2022-10-52-39_jpg.rf.e5bd1110ff5fd604b3abc01a907b3ee0.jpg,fresh,596.5735728346457,1072.057536115072,718.5230068897638,1065.086614173228,0.12996101119930042,0.09465313489644163,0.11786620715528237,0.09284333595637348,14.41695374015748,20.182652365304726,16.165477362204726,20.183768367536732,9.064929722671486,9.289580153381804,9.156550288988582,9.288499264574522,0.0002151537506200012,0.00014606681826668873,0.0001747348465400056,0.00014470219280819234,0.014668120214260626,0.012085810616863427,0.0132187308974805,0.012029222452352951,0.9249277299814848,0.8651846642806217,0.910449751700208,0.8660650083113827
08-11-2022-10-52-55_jpg.rf.1930309eb300f765ccc5a6108f59643e.jpg,fresh,1548.418368602362,1792.7114514229029,419.48271407480325,1724.5662471324945,0.10072507827675128,0.09016221072409804,0.16667470150841224,0.0919254979538268,22.956139271653544,25.536053072106146,11.696173720472444,24.785479570959144,9.273339769436323,9.34492717613774,8.876495639210079,9.323924581869003,0.00020511051764291027,0.00017691504165945901,0.0004065711866775297,0.00018430131720453163,0.014321679986751214,0.013300941382453312,0.020163610457394027,0.013575762122419928,0.8283994010889798,0.8008719620985426,0.9533928409202167,0.8084375993212783
08-11-2022-10-53-48_jpg.rf.a512ca26b1c111c73101c9853d56d60f.jpg,fresh,1394.559854822835,1610.7936635873268,430.96198326771656,1576.0275280550559,0.09600779664269242,0.08770057275658232,0.15863221352616103,0.08672668099148124,22.46684301181103,24.587327174654344,12.083169291338582,24.408952817905632,9.283908394983008,9.334869975370237,8.907340707769935,9.341567959662557,0.00015773438529298939,0.00014524612098390288,0.00032422727198970025,0.00014327414109599124,0.012559235060026123,0.012051809863414826,0.018006312004119562,0.011969717669853004,0.8230247120830986,0.7951433708157766,0.945369795381704,0.799570883629616
08-11-2022-10-56-22_jpg.rf.052dab5d9e7f7950678de80cf7dfefb8.jpg,fresh,1281.1495447834645,1431.8184016368032,339.2720841535433,1345.9133238266475,0.10357960367290206,0.09391472382472334,0.16244121454470817,0.09409327131814978,21.54878198818897,23.445904891809782,11.632689468503937,22.74313348626697,9.267656847583478,9.321703721516897,8.901228872798573,9.309534652707951,0.0001660633814431691,0.00015400855403360005,0.0003313585728733957,0.00015634379337454806,0.01288655816900576,0.012410018293040509,0.018203257205055244,0.012503751172130229,0.8384305625031098,0.8190284837197898,0.9572441770175611,0.8298893298937701
08-11-2022-10-56-55_jpg.rf.e563e58b1fe292b3953ad3521edecdba.jpg,fresh,1457.7228100393702,1663.7860375720752,437.6018700787402,1639.1644863289728,0.08975966053627296,0.08343277803325272,0.15306264142105414,0.08405017870631637,22.896899606299208,24.972843945687895,12.532111220472443,24.985305970611943,9.296011793716325,9.352899315229836,8.93822344198566,9.35710907649973,0.00014579338240707732,0.00013511329645264536,0.00028882998439825014,0.00013692382769476307,0.0120744930496927,0.011623824519178073,0.016994998805479514,0.011701445538682948,0.811449580736052,0.7840115769318453,0.9432803908560231,0.7872088706684683
08-11-2022-11-01-22_jpg.rf.904a192c4966bd051f1a88067ab23146.jpg,fresh,562.1115895669291,989.0365180730362,633.1289370078741,914.1265422530844,0.1458899039093559,0.11129251909528148,0.13369756178338008,0.10971819316340543,13.938607283464567,19.251038502076998,15.081077755905515,18.299522599045197,8.886196471687825,9.090571852845375,8.960881450864708,9.068970883718366,0.0005464044741566045,0.0003764367377454451,0.0004601723070633642,0.0003971040864147571,0.023375296236766808,0.019401977676140263,0.02145162714255877,0.019927470647695282,0.9293836747896392,0.8758070731764791,0.9208090589131316,0.8852159240382871
08-11-2022-11-02-40_jpg.rf.e25763a72ac4cc4d2361becab679b0ca.jpg,fresh,596.7816806102362,1036.3502387004773,715.0966412401575,1052.739103478207,0.14217882425013745,0.10724298349181283,0.12793863014530005,0.10444627738546317,14.727546751968504,20.021762043524085,16.189406988188978,20.131502263004524,8.909866106389245,9.122960141123283,8.994593667683752,9.124855947300075,0.0005230352257579515,0.0003392843291359593,0.0004102645534392631,0.0003331262165035333,0.02286996339651534,0.018419672340624284,0.020254988359395893,0.0182517455741508,0.9238914992049206,0.8678876098690019,0.9091436728007709,0.8657987595291418
08-11-2022-11-03-15_jpg.rf.c12232ba06b62729cb2f509e16cdb987.jpg,fresh,1358.3722933070867,1370.6722673445347,277.818590059055,1517.9756339512683,0.11888746201309536,0.1112600643428367,0.17853073789684368,0.10630753848460134,20.97281003937008,21.225680451360905,10.481114665354328,23.19480438960878,9.104348868359594,9.119108266954699,8.725517563643876,9.17782166080546,0.0003611382344835002,0.0003475239760945143,0.0005556132938437748,0.00033040849763266893,0.019003637401389772,0.018641994960156876,0.023571450821783854,0.018177142174518768,0.849218798811678,0.8478188573951166,0.9691765798382417,0.8314645929923098
08-11-2022-11-09-54_jpg.rf.2f8d29bd05fd11d28ce5b866902afc46.jpg,fresh,1489.9239665354332,1658.3164486328974,348.2121062992126,1645.897265794532,0.13367670001458037,0.1275266226973606,0.21084277476047014,0.12356466642501211,21.460014763779533,23.110174220348448,10.125861220472444,22.968379936759877,8.998140903145364,9.049353164104929,8.575277470046125,9.044088815826143,0.0005542831520233355,0.0004999180436701751,0.0008931098184461997,0.0005175159460617143,0.023543218811864604,0.02235884710064844,0.02988494300557054,0.022748976813512168,0.8508974809075629,0.833947239820087,0.9651270297176404,0.8351921432249687
08-11-2022-11-22-13_jpg.rf.9fdc09a3ad0fa4e79feea499fc2b161f.jpg,fresh,1104.3489788385828,1247.5327050654103,338.2526451771653,1157.9203918407839,0.10358012787960243,0.08405147383560617,0.1514318574862879,0.08985508432165305,20.387241633858267,22.61671523343047,11.903235728346454,21.434310868621736,9.30967722246985,9.394970895469442,9.000654781711223,9.357547825463769,0.0001373432922647095,0.00012285473141843427,0.00023507371233492456,0.0001289571058279075,0.011719355454320408,0.011083985358093643,0.015332113759522023,0.011355928223967757,0.8646022742410987,0.8468579939816856,0.958550458887308,0.8578603962810907
08-11-2022-11-23-36_jpg.rf.22995526c4f643c497d6ad525f65fd78.jpg,fresh,1388.5676673228347,1558.9883439766882,434.41627706692924,1565.5650071300145,0.094227163187881,0.0851919443270348,0.14872683646767654,0.08513040395097758,22.445620078740156,24.387686775373552,12.773191437007876,24.483476966953937,9.31367381611705,9.371567877570849,8.969480417116857,9.365278761713029,0.000196251735276908,0.00018666154264542395,0.00041200149538970967,0.00018360939443684332,0.0140089876606737,0.013662413500016166,0.020297819966432595,0.01355025440487533,0.8273019142501622,0.8056576862620656,0.9461691131794567,0.8048328108021593
08-11-2022-11-25-09_jpg.rf.1db409ab1a113b65d5b1a28ba5dbb045.jpg,fresh,1348.7605191929133,1420.2372124744247,300.88761072834643,1423.4821129642257,0.1002247979501957,0.09680025731536651,0.1712913577314433,0.09587895225430038,22.317359744094492,23.13956227912455,11.03094242125984,23.360096720193436,9.244528041929714,9.262930298587563,8.823753232459618,9.269415173524763,0.00021437988432617493,0.0002073884735530646,0.00042259343551890227,0.00020330420721601558,0.014641717260150016,0.014400988631099763,0.02055707750432688,0.014258478432708575,0.8323875499270118,0.8233414846783372,0.9626844789627034,0.8229444209602134
08-11-2022-11-27-32_jpg.rf.738cd5160c5641bd83ef95eb6d56c275.jpg,fresh,505.61915600393706,1052.480128960258,774.46875,997.3258726517453,0.1324091524336545,0.09647826524842643,0.11893987357860107,0.10159345788579946,14.054564468503942,20.300948601897204,16.629306102362204,19.373488746977497,9.026309665682362,9.265543023260529,9.135445712258992,9.220329940368625,0.00031076502582692676,0.00019102834411261236,0.00023578892372628493,0.0001987663470645932,0.017628528748223057,0.013821300377048911,0.015355420011392881,0.014098451938585072,0.9400703968677331,0.875295325872612,0.9085819720590046,0.8818315492572374
08-11-2022-11-28-11_jpg.rf.d5a034088ed3d675829f7ae1ffb67afb.jpg,fresh,1368.2674704724413,1463.0021700043403,377.1996801181102,1526.0275280550563,0.095660892842,0.08864542157705337,0.15595836077199446,0.08448874321924356,22.510826771653544,23.554467108934222,12.336245078740157,24.73792547585095,9.337429181968409,9.36205750879752,8.980044928592838,9.409852845221002,0.00013598476903985062,0.00012896479385865958,0.0002529880548042346,0.00012444423177642935,0.011661250749377213,0.011356266721887946,0.015905598222142877,0.011155457488441671,0.8285145066411407,0.8161298234270182,0.9526398043187349,0.8082128019996943
08-11-2022-11-29-10_jpg.rf.09a3b063f43948700059107f81e3d979.jpg,fresh,1467.262118602362,1548.4584289168577,326.75436761811034,1582.53766507533,0.09464276144246875,0.08869045536884747,0.1607549197215028,0.08821575699741417,23.01359498031496,23.94866389732779,11.405573326771657,24.569037138074272,9.315956531973985,9.342233631019537,8.932389514625084,9.369146924522191,0.00014165158945552263,0.0001345809003230629,0.0002608440275474302,0.00013032749730946787,0.011901747327830592,0.011600900841015015,0.01615066647378461,0.011416106924405879,0.8187727213999171,0.8087680695096252,0.9596355376491424,0.8045536299875454
08-11-2022-11-29-29_jpg.rf.f752b506ec99c8ee4d499ae78f9103fd.jpg,fresh,526.6740280511813,1169.0740901481804,814.7435408464568,1070.1567983135967,0.1649818748355693,0.12593203821429935,0.1509676016305806,0.12745798846773274,13.328924704724411,20.165912331824668,16.12014025590551,19.07960815921632,8.741222579078432,8.980097459770999,8.844863450135943,8.946704121116609,0.001178369422168532,0.0009742022708051863,0.001178030737409131,0.0010066265405021353,0.034327385891858006,0.03121221348775486,0.03432245238046272,0.03172737840575762,0.9415489724772359,0.8697238053461204,0.909267764312601,0.8807494754232381
08-11-2022-11-29-47_jpg.rf.fa74eb709531dcdf835a9c33f763d3a8.jpg,fresh,1191.064283956693,1265.6514973029946,357.87893700787413,1272.0554281108562,0.09536765437559071,0.08912889641445171,0.1589002087718175,0.09444408670813394,21.70859990157481,22.49432698865397,12.079601377952757,22.816417632835257,9.328422286312946,9.34810168402974,8.953319307545566,9.352758425567202,0.00015271466089807184,0.00014540564762200882,0.00027593536632385774,0.0001498531734120942,0.012357777344574218,0.012058426415665057,0.016611302366878335,0.01224145307600753,0.8529320967764328,0.8433786910083375,0.9559088608490726,0.8425792456108
08-11-2022-11-30-46_jpg.rf.5add2fc74b1e234cb70360262e64ec17.jpg,fresh,663.9821604330709,1085.6250232500465,612.1351500984251,1032.1995783991565,0.1507674799621919,0.117256219056178,0.14579691119744598,0.11512583334294038,14.812376968503937,19.975571951143902,14.669598917322835,19.434744869489737,8.882911793407336,9.082582916702954,8.903931046728559,9.062466656278673,0.0008188546040178019,0.0006303608614409243,0.0007626745600170888,0.0006432075608276702,0.028615635656364543,0.02510698829889647,0.02761656314636361,0.02536153703598562,0.9201800606423951,0.8689335046634338,0.9265215055492428,0.8753916723674864
08-11-2022-11-31-24_jpg.rf.6513fb2044e36fceb41010ff52fc8129.jpg,fresh,1419.3641732283468,1743.6397792795583,485.02460629921256,1574.351416702833,0.09716514716304017,0.0833669067689673,0.14978031523533203,0.08753706487453046,23.052288385826778,26.406720813441623,12.909202755905513,24.61256122512244,9.31175609238883,9.393531698132644,8.96455282693022,9.352774965680288,0.00017166776276911935,0.0001484981579920379,0.00028534474793558964,0.00015455440421699858,0.013102204500354868,0.012185982028217418,0.01689215048286007,0.01243199116059043,0.8291369593466639,0.7895270003741816,0.9415448868997557,0.8099591004110984
08-11-2022-11-32-02_jpg.rf.04cd3ed71c93c83dfed48eea159dda85.jpg,fresh,630.3521776574802,1300.3353586707171,966.3341535433069,1350.2284704569408,0.1346512949493854,0.09401576781197482,0.11818114420187692,0.09291695848406133,14.857837106299213,21.617893235786468,18.08747539370079,22.21731043462087,8.990128786443382,9.217472790042208,9.108207509346196,9.227581454245401,0.00025888760273614297,0.00017515256060954176,0.0002081246227922143,0.00017483350733332994,0.01608998454741778,0.013234521548191372,0.014426524972848253,0.013222462226579811,0.9219548696654125,0.8378181209461595,0.8799918805937985,0.8315886904034052
08-11-2022-11-32-46_jpg.rf.cb17e2f8c1b256af7c2d091324a2aa82.jpg,fresh,1124.009904035433,1277.1726083452168,425.19598917322844,1244.211978423957,0.1139004452909595,0.10161819990972562,0.16960028080316972,0.10373971470740172,20.366572342519685,22.209002418004836,12.435039370078744,21.708413416826836,9.226052771560491,9.288278844125285,8.921025478418985,9.271362090016364,0.0001704492544727277,0.0001545409501631825,0.000278580513215714,0.00015806783427070484,0.01305562156592813,0.012431450042661255,0.016690731356525813,0.012572503102831386,0.8673557635649154,0.848562652428237,0.9496296906904189,0.8524809080278541
08-11-2022-11-33-23_jpg.rf.a9178c2fb7ac4a6878d55c6d873564e8.jpg,fresh,1415.0690821850394,1530.6667493334985,433.825848917323,1633.9735879471757,0.09711313121649551,0.08350506072898292,0.15288525457433483,0.08855068729796776,22.488004429133856,24.165912331824664,13.047182578740163,25.2011904023808,9.293415438504168,9.352560295679345,8.971053617120955,9.370128977743903,0.00014109909811616499,0.00013261468645821533,0.0002532453795376342,0.00013012760850991347,0.011878514137557987,0.011515845017115129,0.01591368529089457,0.01140734888174783,0.8171544892825762,0.8019017077725215,0.9439123744220433,0.7885247107657136
08-11-2022-11-37-11_jpg.rf.834de625f913d676b82c6319917af4a2.jpg,fresh,1230.1064837598424,1414.6860313720629,349.04453740157487,1373.4060388120777,0.10802934982870505,0.0973808856585898,0.17389870045366493,0.0992813405526397,20.556779035433074,22.53264306528613,10.692298228346456,22.07960815921632,9.218712390335853,9.272638568472546,8.83084889996163,9.267373587441456,0.0001751227257337327,0.0001594824319290898,0.0002901639104059458,0.00015683582734268205,0.013233394339085219,0.012628635394574102,0.01703419826131966,0.012523411170391319,0.8510228732551002,0.8287326658779329,0.9579793713106707,0.8337375034021239
08-11-2022-11-50-20_jpg.rf.1589de65518e3264e90cab631f887d53.jpg,fresh,1087.3631889763778,1300.1602083204168,427.64757627952764,1326.4822369644742,0.14241759670854687,0.12463416085556199,0.19799995263843023,0.12697428763988258,18.750615157480315,21.0490420980842,11.152866633858268,21.258106516213033,9.036043337641772,9.132716134768325,8.714084365826508,9.12363123599294,0.00028463521282511315,0.000241996143983608,0.0004352307288598954,0.00024168285673046024,0.016871135493057757,0.015556225248549469,0.020862184182388367,0.01554615247353699,0.8883101400207674,0.8656437423630318,0.9558230225387391,0.8629315101221704
08-11-2022-11-50-40_jpg.rf.48b00ef39de0a163046a1658f768e5e2.jpg,fresh,1200.4387303149606,1434.3147746295497,450.3916707677165,1440.7412734825475,0.12932556718424928,0.11139120726697296,0.18224865243417876,0.11445987122515984,19.976131889763778,22.490482980965965,11.7232406496063,22.446772893545795,9.152151367392069,9.241079215360285,8.84021094068533,9.238805918501038,0.0001947910389961405,0.00017109135836474918,0.0003083507143576787,0.00017214846259316183,0.013956756034127002,0.01308018953856362,0.017559917834593607,0.01312053591105035,0.8714168722385431,0.8454727461003874,0.951695500139217,0.8447891726663705
08-11-2022-21-04-58_jpg.rf.ede190cd66d9d59933315d460d5e848b.jpg,spoiled,1038.329109251969,1095.830987661975,194.43140994094495,1087.7050034100068,0.13081921117092488,0.11508658588391844,0.19106147073592972,0.11437838370829369,17.965182086614178,19.027342054684105,8.517408956692917,18.748837497674995,9.074047105135463,9.14261903140173,8.704981972264367,9.136401516965869,0.00023745396611886985,0.0002096987267940683,0.00039877386883680025,0.0002097813731246533,0.01540954139872014,0.014480978102119632,0.019969323194259744,0.014483831438008844,0.8978580441754782,0.8921593729299386,0.9807939856511161,0.8929603305200222
08-11-2022-21-08-46_jpg.rf.edd027825c8ce501e446b2ad24881fa4.jpg,spoiled,1231.7858636811022,1357.4526629053257,285.00830462598424,1304.3369086738173,0.1350831158998571,0.11819186085782148,0.18564017913104436,0.11485060687886706,18.97779281496063,20.619505239010472,9.855868602362204,20.204724409448815,9.073923860227387,9.144010072821562,8.739679494417846,9.145554169626593,0.00037669502829240035,0.00032221113484325037,0.0005536284876280689,0.00031900330401193986,0.01940863282903771,0.017950240523270166,0.02352931124423469,0.017860663593829314,0.872916247090921,0.8598158835365397,0.9705267880030046,0.8653071339830632
08-11-2022-21-10-11_jpg.rf.9d352335dbdc7ee930b4ba11b67bdd60.jpg,spoiled,1238.7383735236226,1360.7719015438029,276.3081938976378,1311.3330026660055,0.13508018807902827,0.12152908710057633,0.1873683194973608,0.1181145576376261,18.84971702755906,20.465372930745865,9.683562992125985,20.09039618079236,9.045692236843694,9.10983595845952,8.707866564048683,9.116729062727172,0.0004602858326810404,0.0003897139668543086,0.0006268960291826834,0.00037175664902510915,0.021454273063449165,0.019741174404130788,0.02503789186778079,0.019280991909782785,0.8722278658849623,0.859526225990075,0.9714366330844023,0.8646356915655342
08-11-2022-21-11-21_jpg.rf.53e45929ba7cc01c513545cab0dfd91a.jpg,spoiled,1193.118971456693,1271.1736003472006,243.77934301181102,1245.8944137888273,0.1166338654940457,0.1069659015073687,0.17239494505371578,0.09979080497076805,19.33858267716536,20.484654969309936,9.587290846456693,20.325934651869296,9.194910597986183,9.242802874792478,8.83745479260673,9.254751738155987,0.00019875875933392494,0.00018261956047751135,0.0003411350206489475,0.00017838537754079657,0.014098182838008767,0.013513680493393031,0.018469840839837996,0.013356098889301343,0.8709278888228956,0.862430515279653,0.9735505340928156,0.8651727715416359
08-11-2022-21-14-09_jpg.rf.222adf450c2275445481c1af10ae1328.jpg,spoiled,1155.607344980315,1229.4611569223139,224.9250123031496,1180.4827949655896,0.12126218270230757,0.10768993995799735,0.17829260704590763,0.11013615745891885,19.046198326771652,20.27769855539711,9.225455216535433,19.594209188418372,9.116742130407175,9.174071209263609,8.753668341000905,9.156697963030123,0.00021398065257068012,0.00020134183736654403,0.0004255905118255549,0.0002036232604922274,0.014628077541860383,0.01418949743178186,0.02062984517211787,0.014269662241701007,0.8752497381024973,0.8671328296962246,0.975633212125947,0.8724321131234205
08-11-2022-21-15-29_jpg.rf.3e5c5a94c31a868c0683dd1e84fb8ac1.jpg,spoiled,1088.3944389763778,1139.8197656395314,233.2649483267717,1165.200012400025,0.12238653893583012,0.10922199468531982,0.17304736736087184,0.10385729891058618,18.563115157480315,19.408580817161635,9.38355068897638,19.883997767995538,9.132173461575956,9.183478396784908,8.789068059233303,9.20471358302422,0.00019919204877472254,0.0001819699218789597,0.0003682335855882651,0.00017887741150893053,0.014113541326496427,0.013489622747836934,0.01918941337269759,0.013374506028595244,0.888265310305702,0.8828551198379156,0.975955326240167,0.8802507623660035
08-11-2022-21-16-06_jpg.rf.36bbc3b439a98c51b180859b8cc4c734.jpg,spoiled,1228.8118233267714,1273.3044826089654,215.4420521653544,1290.704569409139,0.12366914079399897,0.11160277420319854,0.1863885218561319,0.10736387173886552,19.10648375984252,19.78572757145514,8.907480314960631,20.38018476036952,9.106852079763396,9.149132908600613,8.732937502444987,9.175604309557475,0.00021378765902063052,0.00019769578878236436,0.0004038863058194868,0.00019675400501523301,0.014621479371822487,0.014060433449306048,0.020096922794783454,0.014026902901753936,0.8755373280612395,0.8709174697884655,0.9780916122591361,0.8691591850446219
08-11-2022-21-18-26_jpg.rf.8ac8947bc20a2f6c79902e6ef7c4285b.jpg,spoiled,1265.4100639763778,1336.7910595821193,285.69586614173227,1374.3302746605493,0.12970514039333741,0.11831711827133216,0.1893146073323798,0.11135218270521227,19.432947834645667,20.210862421724844,9.423351377952754,20.933907867815734,9.089154574202324,9.128920762168358,8.71597743008446,9.159603361587191,0.00023817106960385794,0.00021899739998872396,0.0004295430954143158,0.00022094439377669126,0.015432792022309441,0.014798560740447834,0.020725421477362428,0.014864198389980243,0.8703109000419933,0.8629229376219757,0.9706262824014068,0.859075030186763
08-11-2022-21-19-45_jpg.rf.0ea94557db9b5737b8f1250f9b18cbac.jpg,spoiled,1143.4539862204726,1203.6322152644307,235.71364419291345,1229.8602517205038,0.1298667686612501,0.1114922314980512,0.1821342074967181,0.11289404715255552,18.42790354330709,19.646599293198587,9.240218996062994,19.76849153698308,9.04462877792921,9.112447592721182,8.708470915145034,9.111680616889858,0.00022716854515740287,0.0002071539886151259,0.0004036441178351108,0.0002060315361253205,0.015072111502951497,0.014392845049368311,0.020090896392025687,0.014353798665347112,0.8756975572509925,0.8690396206773523,0.9742710880538564,0.8661829177397281
08-11-2022-21-21-31_jpg.rf.e25be4f7153bd575dd9c7e4e3a6bd9ce.jpg,spoiled,533.5230684055118,904.7391654783311,568.8928395669291,897.3287866575733,0.13460557502567438,0.10879001253122339,0.13822519578105869,0.10658171863373431,12.938176673228348,17.21966643933288,13.170767716535433,17.16969433938868,8.973334574721694,9.152622973242725,8.986484389324326,9.1583708017273,0.00020911797194688136,0.0001623635214534364,0.00019798489304009858,0.00015883663734591406,0.014460911864294082,0.012742194530513038,0.014070710466785201,0.012603040797597779,0.9333305731884115,0.8871534854284427,0.9290825836812623,0.8880796324505502
08-11-2022-21-23-24_jpg.rf.6e1f482d2868c6b4180dd8124257323a.jpg,spoiled,624.0804010826773,1077.1499782999567,720.3167445866143,1108.3752247504494,0.13680327785897328,0.10730840986896768,0.13599496332035338,0.104030613161177,13.51187253937008,18.471696943393887,14.63391978346457,18.796205592411187,8.952633162816406,9.141610338614834,9.00625549663631,9.147180730399997,0.00021720288801905735,0.0001696998247986204,0.00019874740677215737,0.0001656809067229641,0.014737804721838912,0.013026888530981617,0.014097780207258069,0.012871709549355287,0.918300910643257,0.8590960705980518,0.9057742385048861,0.855018272739072
08-11-2022-21-23-48_jpg.rf.a61b7bf0a0e6160ca86a63820b81774d.jpg,spoiled,568.6505905511812,1007.0093620187241,656.4538016732283,1048.2794345588688,0.15420346279969513,0.12293919241367822,0.14647769070753675,0.12004612911316033,12.755536417322835,17.640647281294562,13.799889271653544,17.91735383470767,8.890947560262452,9.107166646524144,8.945411779681686,9.104019908688961,0.00033307848598119067,0.00024061229844823137,0.0003006763826027652,0.00022698526394014773,0.018250437966832213,0.015511682644001951,0.0173400225663857,0.015066030132060261,0.9327598553147436,0.8810773352675516,0.9225459790152513,0.8762069760356632
08-11-2022-21-24-07_jpg.rf.b3a1b94da512de036da1f5778292247a.jpg,spoiled,638.8231422244095,1128.6123132246266,707.503506397638,1140.5921631843264,0.1509940180064085,0.11628657801735495,0.14703054850073247,0.11860052984417409,13.093442421259843,18.544113088226176,14.041892224409452,18.383718767437536,8.895127600863791,9.12597144211203,8.940615990736799,9.104585126559885,0.00034327687063577257,0.00023299730398828399,0.0002960237243716676,0.00023746597186293758,0.018527732474206676,0.015264249211418293,0.017205339995817217,0.015409930949324127,0.9245644117490224,0.8666975394526599,0.9169225470803942,0.8652841408676841
08-11-2022-21-24-23_jpg.rf.fe3077ba1d718112a912b5edd997b593.jpg,spoiled,614.1002706692914,1138.2642445284896,688.410063976378,1091.4971169942341,0.13882867710971103,0.1090868124542801,0.13473927773973635,0.10775118744690299,13.3214812992126,18.7742575485151,13.93467027559055,18.293942587885176,8.992864013879034,9.188848648970596,9.0213167593044,9.18867225455895,0.0002253161854956522,0.00016017051068140207,0.00020104062424921722,0.00015727788911092734,0.015010535816407494,0.012655848872414764,0.014178879513177945,0.012541048166358638,0.9264001103722702,0.8627433127671065,0.9176051234055997,0.8683829377116118
08-11-2022-21-24-39_jpg.rf.cc5b219bf2c6e0c09d6f7a1a3bf4bc2e.jpg,spoiled,660.9710875984251,1122.3374046748095,642.9924950787403,1113.0470580941164,0.13741748574730622,0.11262426956537631,0.1402171052134843,0.1034145721826694,13.709891732283465,18.575113150226304,13.62524606299213,18.72713745427491,8.968149872461384,9.15377620511696,8.983599375808565,9.165370152129862,0.0002374028795909154,0.00017092414369589113,0.0002087546899703175,0.00016728962715783949,0.015407883683066776,0.013073796070609758,0.01444834557900376,0.012934049140073633,0.9188939082280078,0.8614414343851818,0.9212659624737982,0.8625873594154457
08-11-2022-21-25-39_jpg.rf.80e63a9c4f61136d6f12dcc31c8b621d.jpg,spoiled,592.3845964566931,1119.4574369148738,699.9327632874017,1051.0918221836446,0.143122150580017,0.10951885238332487,0.13651330582740945,0.10591676927007732,13.090059055118111,18.908487816975637,14.37272391732284,18.237956475912952,8.958437822193073,9.179153424749481,9.012895230932369,9.174270548323701,0.00022336543696524903,0.00016825831903260314,0.0002124423804511672,0.00016531764726992782,0.014945415249006935,0.012971442442249941,0.01457540326890365,0.01285759103681276,0.9273401383090771,0.8618730508315877,0.9142841163602767,0.8703090140500112
08-11-2022-21-26-10_jpg.rf.603ba9cea79c561c4778b7ba25350d72.jpg,spoiled,615.6934670275592,1075.6390352780709,644.1713213582678,1001.8814557629117,0.14700747267740866,0.11372895003710064,0.1445902500966764,0.11490014424163014,13.065268208661418,18.298220596441194,13.860543799212603,17.553227106454216,8.882455896989553,9.09155910548777,8.940985619444895,9.079428278189713,0.0003244316181015175,0.00023602062208154424,0.0002957928889490592,0.00023079852719318564,0.018011985401435275,0.015362962672659993,0.01719863043817906,0.015192054739013602,0.9260035434014249,0.8708095206573483,0.9232275988503209,0.8796660042386469
08-11-2022-21-27-09_jpg.rf.cf55a9f86693796be4051885bf9e70bd.jpg,spoiled,706.5106422244094,1192.6766073532144,749.7135826771655,1224.4307148614298,0.14708950511209473,0.1195599694990942,0.14089533192036136,0.11019230313279776,13.866326279527557,18.82367164734329,14.622293307086615,19.378820757641513,8.906455301811539,9.1051183228078,8.964089218935055,9.121202193817215,0.0003062088643708538,0.00020499172996609982,0.00025083863644289787,0.00020501671606604414,0.017498824656840637,0.01431753225825246,0.015837886110302027,0.014318404801724392,0.9142198002417091,0.8552527494854031,0.9094620443173734,0.8513953378966854
08-11-2022-21-28-50_jpg.rf.a3b5c7d4de642f7dcfc950b1c8b8eeb5.jpg,spoiled,1266.5429995078741,1375.6388492776985,256.3174212598426,1324.9096658193316,0.11763039837224828,0.10353881697637383,0.16989169238507942,0.10326293467156031,19.597625492125992,21.109616219232436,9.632627952755907,20.829933659867322,9.1539146732926,9.217759693954445,8.803129869639967,9.21516497438218,0.00017094309090961936,0.00015858101032340693,0.00030213707888353285,0.00015986491145900637,0.013074520676094376,0.012592895231971357,0.017382090751216692,0.012643769669643874,0.8514160548132447,0.8384953442185145,0.9698327369172368,0.8444527256427906
08-11-2022-21-29-20_jpg.rf.a4afc98270d881311b4b180211fe0f15.jpg,spoiled,1400.9908341535436,1498.1136462272925,261.9913262795276,1460.3675367350736,0.11846153358747369,0.10726882893564987,0.17608951248811788,0.10403300488391667,20.387856791338585,21.678033356066713,9.30714812992126,21.367226734453467,9.162150958393033,9.210168893396466,8.768482026200541,9.21365239817929,0.00017030545535700453,0.0001600993963969452,0.0002972006066082445,0.0001573144072569998,0.013050113231577898,0.01265303901823373,0.017239507145166432,0.01254250402658894,0.8406738385448931,0.8294006001281282,0.9700922605607738,0.833700658113216
08-11-2022-21-30-54_jpg.rf.afee2cfefed9550c72b61535034a3845.jpg,spoiled,1278.3087475393704,1305.9941719883439,227.61448080708666,1396.6418252836502,0.12046779185554861,0.10989269768050308,0.1679060503660747,0.10593103291978985,19.091843011811026,19.98115196230392,9.253137303149611,20.647033294066585,9.094399724113398,9.14918158775453,8.761240854576949,9.165999780867846,0.00020533946097189075,0.0001963811355237565,0.00037524568457340053,0.00019411701046726534,0.014329670651200981,0.014013605372057416,0.019371259240777317,0.013932588074986834,0.8446310039688192,0.8410478679747306,0.9722254051804955,0.8300091873420421
08-11-2022-21-32-52_jpg.rf.f96cdac625579f1b499505bccd2e24e4.jpg,spoiled,1201.0381397637798,1258.680947361895,212.2720226377953,1290.8864777729557,0.1334532117036635,0.11925238807164716,0.18429755076313933,0.1176911502453322,18.579724409448815,19.775373550747105,8.816683070866144,19.930187860375725,9.0669323992617,9.125790067707213,8.6981926473291,9.131103654979142,0.00023333677038447822,0.00021525717302783113,0.0004073942474056824,0.00021471324485212057,0.015275364820012589,0.014671645205219186,0.02018400969593709,0.01465309676662652,0.867882397372784,0.8614740929042344,0.9765828014961472,0.8579243478510344
08-11-2022-21-33-02_jpg.rf.f8733e17eedb737f0dc140cb30a9f955.jpg,spoiled,1181.9411294291338,1253.0569161138324,238.05536417322836,1255.2778225556453,0.12108527437055107,0.10738180318254911,0.1739189709690862,0.10964899872392826,18.86177411417323,20.238142476284953,9.32763287401575,19.923615847231694,9.128616302822067,9.200577740512983,8.77389205765739,9.179307149837996,0.00019212318698074896,0.0001821409805631937,0.0003571875429883674,0.0001798653234605744,0.013860850875063514,0.01349596163906795,0.01889940588982541,0.013411387827535762,0.8619527727625199,0.8535175536139634,0.9721000418796739,0.853251490913703
08-11-2022-21-33-17_jpg.rf.3e72d81f6f2a2c6416f686d0b9a444dd.jpg,spoiled,1258.3032111220475,1346.1525203050405,249.36484990157487,1314.9792919585839,0.12107940968271891,0.11150510219772133,0.17683367738901595,0.1050377811701325,19.469672736220478,20.512121024242045,9.219303641732287,20.535247070494137,9.139297713992304,9.184373383981438,8.753532991207582,9.199675276800017,0.00019347603392472418,0.00018039964159784474,0.00037692586371500887,0.00017654217216798242,0.013909566273781659,0.013431293370254584,0.019414578638616106,0.013286917331269221,0.8481877097384675,0.8372708024741001,0.969792779494908,0.8410378352809109
08-11-2022-21-33-31_jpg.rf.707c9b41dcac3d1e4ea0ec0d44246355.jpg,spoiled,1138.489542322835,1197.5666811333622,206.40883366141733,1193.937565875132,0.15092511853163504,0.13853480435887316,0.21257905479722153,0.13297280159460634,17.57418799212599,18.32829065658131,8.224040354330707,18.631099262198525,8.951195506392569,8.996937781591322,8.568934182862579,9.020691599082257,0.0003962857657160628,0.0003561384145522335,0.0006348257935773684,0.0003552235388927347,0.01990692758102221,0.018871629885948735,0.025195749514101945,0.018847374854147055,0.8787205383452467,0.8723859824385595,0.977947334472521,0.8727680258028313
08-11-2022-21-34-21_jpg.rf.52260e073cb81863fd79e6b122647e4c.jpg,spoiled,1367.4694266732288,1415.8576477152956,239.54921259842524,1484.0600161200323,0.12619755469101088,0.11688569561772068,0.18407274635199092,0.11088664698596964,19.68473179133859,20.41378882757766,9.06409940944882,21.41496682993366,9.116551593801576,9.15993483591166,8.742538613956677,9.191495134748827,0.00020872441647227055,0.0002033388033544001,0.0003670207535727573,0.0001876398445586277,0.014447297895186855,0.01425969155888023,0.019157785716850402,0.013698169387134461,0.8482855815571261,0.8428276003176894,0.9732988604049453,0.8352652286653811
08-11-2022-21-35-14_jpg.rf.549de25e78417d7323bc0c738b81a146.jpg,spoiled,1285.3100393700788,1353.9802219604437,187.30751722440945,1312.7484034968068,0.12885218672372625,0.11830818695720617,0.19051039869287928,0.11326462663997847,19.011072834645667,20.017174034348066,8.329908956692913,19.841589683179365,9.070906253949815,9.122621897608822,8.678271583561152,9.13485110950008,0.00023881059725010077,0.00021826895907496314,0.00044882163738936857,0.0002229894099567478,0.015453497896919674,0.014773928356228181,0.02118541095634844,0.014932829937983885,0.8488146033044671,0.8406264117584888,0.9779114030630629,0.8454815018308363
08-11-2022-21-35-52_jpg.rf.e646b1fdfeffc8286a7a506421c9aa43.jpg,spoiled,1172.0636072834648,1199.9291338582675,230.25049212598424,1317.2926405852813,0.1287482185507728,0.1156898041836143,0.1821225484817321,0.11396219663003508,18.72428641732284,19.524893049786094,9.160802165354331,20.633083266166537,9.116572778083894,9.175800921050188,8.762120417174025,9.194189938933606,0.0001957068123120622,0.00017810284241065715,0.0003291542837968489,0.0001763403613607401,0.013989525092441923,0.013345517689870901,0.018142609619259543,0.013279320816997385,0.8705561011874015,0.8669784032580312,0.9743893291419228,0.8539686483850041
08-11-2022-21-37-07_jpg.rf.465bdf9457dde8bc2b43a66f73d0caae.jpg,spoiled,1216.1952509842522,1396.4981709963422,367.32720226377967,1475.3364746729494,0.13308922777649726,0.1182207998644411,0.18632438381114003,0.11702145654813767,18.885211614173237,20.990079980159962,9.9765625,21.448198896397795,9.042078991838055,9.11902305436972,8.70117655756463,9.12664778588295,0.00027047478411363084,0.0002425362281439425,0.0004204610460002171,0.00022935317741179227,0.016446117600018274,0.015573574674555052,0.020505146817328988,0.015144410764760452,0.8709845640714157,0.8510456441229737,0.960724601470416,0.8426380632497152
08-11-2022-21-37-22_jpg.rf.6d19abf2d2810dc865a3546cc372954d.jpg,spoiled,1202.243786909449,1391.8853617707232,382.97440944881896,1475.5529171058342,0.13384014370502165,0.11669590728657848,0.18046868175540898,0.11386162216954657,18.87899852362205,21.08357616715233,10.27989665354331,21.601153202306403,9.065149805314572,9.147473386658225,8.739886365843132,9.15988834928523,0.00024987745287990585,0.00021722915291574267,0.00042753179988781867,0.00021099415997579584,0.01580751254561912,0.014738695767120735,0.02067684211594746,0.014525638023019706,0.8709501787809495,0.849836530325943,0.9585767989515858,0.8408115205409795
08-11-2022-21-37-46_jpg.rf.86d8cd093143c48fd1c38f6537e5919a.jpg,spoiled,618.9114788385826,1203.4532829065658,782.113373523622,1228.5851571703145,0.149114329642498,0.1126103381608042,0.14371965097927644,0.10989052157454027,12.887118602362207,19.065534131068265,14.8269562007874,19.275094550189102,8.903257592982728,9.149025264296297,8.985016908017784,9.151593487368553,0.00028522365394340163,0.00018593117972397514,0.00023522697191878756,0.00018362669250603553,0.016888565775204287,0.013635658389823908,0.015337110937813144,0.01355089268299456,0.9263962192002633,0.856008211962086,0.9068792518342201,0.8529955765925659
08-11-2022-21-38-04_jpg.rf.111e93b6f6f6a801a55572f36c91cf2e.jpg,spoiled,614.8364911417323,1190.206956413913,742.441190944882,1169.9644739289477,0.1656758280787133,0.12353359005232961,0.15579619144362974,0.12340688495951445,12.450787401574804,18.58466116932234,14.159325787401578,18.267902535805067,8.835447055775104,9.085583901396125,8.917300501918644,9.077523570719487,0.0003214118366713296,0.00020994474377813538,0.0002628496467930437,0.00020897989591874767,0.017927962423859817,0.014489470099977272,0.01621263848955634,0.01445613696389003,0.9317327713040241,0.8674796637615457,0.9177590012923468,0.8697325206815568
08-11-2022-21-39-28_jpg.rf.882cc1799dc52c47ea196cf5b6ae14a3.jpg,spoiled,520.7010334645671,1173.7754355508712,814.9339936023623,1153.6780333560666,0.15595565054581126,0.11727997013819298,0.1483834778390405,0.11707754952878861,12.27202263779528,18.624961249922507,14.625553641732285,18.515531031062064,8.851495084090498,9.075654348826038,8.9328674299576,9.078443173757206,0.00028545448936601004,0.00021029839319273156,0.0002529218315272568,0.00020499365197378794,0.016895398467216157,0.014501668634772053,0.015903516325871357,0.01431759937886893,0.938916943864867,0.8622382823463569,0.9047395185915669,0.8645946065886266
08-11-2022-21-40-03_jpg.rf.f1df887399b68cdca1f97d94922a87d2.jpg,spoiled,617.1915600393701,1255.1358422716844,816.1123277559058,1234.4313968627935,0.1514037863641423,0.11700117372207065,0.14855007290100586,0.1105211545214447,12.825295275590554,19.14241428482857,14.908218503937011,19.355446710893418,8.892896434397413,9.128991901072943,8.972353482148005,9.141579527791672,0.00027575750952283154,0.00018597346389311162,0.00023586082328414665,0.00018635209940765217,0.016605948016383515,0.013637208801404767,0.015357761011428281,0.013651084184329542,0.9313276780226661,0.8596019714078272,0.909140932058973,0.8619133258062625
08-11-2022-21-42-17_jpg.rf.ec233b93ac44ad348d3d4d8c9c4f0be2.jpg,spoiled,578.3622047244096,1173.723293446587,834.7933686023621,1215.4110608221215,0.14519153375231686,0.10919908791208807,0.13837028838649226,0.10754059646643582,12.974778543307089,18.910347820695637,15.286847933070865,19.41912083824167,8.91931204336602,9.131469730994628,8.999724446598293,9.15137563904728,0.00028431923318924775,0.000174837351348706,0.00021291918804540734,0.00017009960239772914,0.01686176838855426,0.013222607585068309,0.014591750684733047,0.013042223828693062,0.9258708883496191,0.8484472621707171,0.8923538557874623,0.8430552791455038
08-11-2022-21-42-29_jpg.rf.1e2870aa9e7415dbfe1b25527d796a4b.jpg,spoiled,552.7786048228347,1059.1185442370884,777.4833292322836,1177.8726517453038,0.14267865447868425,0.11236995206291005,0.1381889311240429,0.1066194042129059,12.613865649606304,17.837373674747347,14.750799704724411,19.16609833219667,8.926212047760787,9.118606804547541,8.983438452648084,9.162056090507615,0.0002809777958423105,0.00018614644458503368,0.0002224666924919788,0.00017936175744631236,0.016762392306658096,0.013643549559591656,0.01491531737818471,0.013392600846971896,0.9301100598050014,0.8654411913530149,0.9013495959933621,0.8503512112756636
08-11-2022-21-42-57_jpg.rf.bc3d4cf3e352d6a3ee68ba9eed6e0e5d.jpg,spoiled,537.0804625984254,1131.8599417198832,771.5642224409451,1125.4566309132615,0.14363727226802148,0.10965626517867397,0.14567495852406068,0.11091380893653481,12.504921259842524,18.366978733957467,14.196604330708663,18.30590861181722,8.92256341930857,9.134824197829413,8.953734709534597,9.13415875191789,0.00023477476154171067,0.00016756831827260276,0.00021070354640709288,0.0001660537762144406,0.01532236148711127,0.012944818201604948,0.014515631106055736,0.012886185479591724,0.9310827112252958,0.8536434155246091,0.9003610911472245,0.8544674709243585
08-11-2022-21-43-11_jpg.rf.f90f6507d666b61bda7a9d09f45056ed.jpg,spoiled,543.2670398622047,1089.2970425940853,738.8217273622049,1109.9499038998079,0.14623993800557272,0.1099510287540953,0.1417335671256579,0.11023219504539214,12.67759596456693,18.228656457312916,14.245078740157483,18.57957715915432,8.927211719869375,9.135575752591354,8.978184080065411,9.160293326045606,0.0003301873669177025,0.0002043651554598044,0.00024007262369993493,0.00019940445361701684,0.018171058497448697,0.014295634139827599,0.015494277127376254,0.014121064181463692,0.9325302737972323,0.8637510714692469,0.9077371369315753,0.8611649979542976
08-11-2022-21-43-58_jpg.rf.5bbbcb50dbec70c9ae658880fc0f0d62.jpg,spoiled,640.9554625984252,1334.5353090706183,846.6572342519687,1242.8371876743754,0.14416596824607422,0.10834644578973751,0.14141223351774573,0.10974137694388092,13.205585629921263,19.975819951639906,15.073941929133863,19.166160332320665,8.951012167037922,9.178566000833428,8.992307335326744,9.156022917290795,0.0002301448084341482,0.0001618484233930462,0.00021148687316905888,0.00016692444569711505,0.015170524329572404,0.012721966176383515,0.0145425882555018,0.012919924368862036,0.9253602468370846,0.8445519689713347,0.9019528279609443,0.8552303997984598
08-11-2022-21-44-15_jpg.rf.8a4fdfbf771e2a254c0790acb8979503.jpg,spoiled,612.5517347440945,1142.232810465621,719.2466781496063,1055.6317812635627,0.1402923145480985,0.10778095447662164,0.1412411226647363,0.11412965531868717,13.439406988188976,19.116436232872466,14.599901574803148,18.145638291276583,8.944153990703569,9.156677775544592,8.982602179723642,9.122776473501833,0.00024988880544167335,0.00018588505153946264,0.00024539508307532237,0.00018937733950860058,0.015807871629086357,0.01363396683065727,0.015665091224609014,0.013761443947079122,0.9248426897067883,0.8589105525175824,0.9120532549809208,0.869611336423536
08-11-2022-21-45-12_jpg.rf.c842062ccfd66fb98d2ae144072454f7.jpg,spoiled,457.67667322834643,1099.3224006448013,799.1577878937009,1113.8503937007877,0.19306805577845593,0.15212093112840205,0.18951070390171398,0.1524204100886353,10.897145669291337,17.3495566991134,13.978777066929133,17.450864901729805,8.618993224140947,8.88030960991729,8.711044220396701,8.871132354872087,0.0009341077031763439,0.0006582069088250025,0.0008387707815454696,0.0006449488997930194,0.030563175606869518,0.025655543432658027,0.02896153969569763,0.025395844144131523,0.9555970888375118,0.8930257575493035,0.9223995342872624,0.8916127764921744
08-11-2022-21-45-34_jpg.rf.aac06602bc9dddfb2cf1a9dde53779e6.jpg,spoiled,616.0369709645669,1197.8897637795274,812.3784448818897,1255.7451174902349,0.15778771414176976,0.11962975121928635,0.14797556932472106,0.1221988571208212,12.69322096456693,18.827081654163308,14.822096456692913,19.054064108128212,8.893890873468855,9.122985352770119,8.970361478092133,9.12698568944653,0.00040089490579371786,0.000266507508028966,0.000323088231625682,0.00024596893387475156,0.020022360145440343,0.016325057673067068,0.017974655257491923,0.01568339675818831,0.9305267869685381,0.8643619579201122,0.9087409681594428,0.8578014785721431
08-11-2022-21-48-43_jpg.rf.f0b3871f197769e58a655c550edf6b7b.jpg,spoiled,664.8213582677165,1151.8583297166592,698.6827632874016,1143.657635315271,0.1598886276252445,0.1246013734540188,0.16038270336170887,0.1315720028767672,13.427165354330707,18.616839233678466,13.83187746062992,18.145080290160582,8.839737913494677,9.048497866559844,8.870955035710011,9.034112752917139,0.0005284258005039446,0.0004059952939795518,0.0005014407611823036,0.00039119199076639833,0.0229875140131321,0.02014932490133483,0.02239287299973596,0.019778574032684924,0.9294649961239352,0.8772706466871749,0.9258035077523168,0.8781399318313472
08-11-2022-21-49-30_jpg.rf.40ed2a282a40f852727d85231f17ba51.jpg,spoiled,625.3479330708662,1053.4354268708535,626.2837721456692,1042.5961311922622,0.13797228269047485,0.10978396108930578,0.14237840562886708,0.11042253305904914,13.725762795275593,18.378200756401508,13.721149114173228,18.139314278628554,8.99361245074839,9.178690294389206,8.993105338034349,9.153917044762334,0.00026257150902973684,0.00018815686462670582,0.0002583710611757161,0.000195758405032837,0.016204058412315626,0.013717028272432255,0.016073924883976413,0.013991368947777662,0.9344677389540349,0.8894940718295937,0.9347192586439176,0.8906271224056199
08-11-2022-21-49-41_jpg.rf.f075cc4538e5207550a173857aa09ead.jpg,spoiled,578.5259596456692,1020.8430776861553,653.9623523622047,1045.018166036332,0.15188205154573955,0.12206944003150635,0.1508536357429199,0.12051290728267015,12.6373031496063,17.60319920639841,13.84301181102362,17.74431148862298,8.878466632387138,9.078961826594044,8.933416548994096,9.089670770821765,0.00044413681356659585,0.0003410660302627568,0.00041778751770394165,0.00032460980043790336,0.021074553697921952,0.018467973095679904,0.020439851215308336,0.01801693093836748,0.9408014935460501,0.8954431055496538,0.9334534624078102,0.8929641795850326
08-11-2022-21-51-31_jpg.rf.6cd1bed9fc1bc831070614358b45ab14.jpg,spoiled,434.67488927165357,945.0698741397482,671.6437007874015,894.1514663029324,0.16280458495839903,0.1306093424826091,0.1615969414708285,0.13074572840045204,11.840243602362204,17.204414408828814,13.534571850393702,16.452290904581808,8.814620864137385,9.018681266815118,8.847727723960862,8.993387856654012,0.0004702420293512462,0.00033378162112514926,0.00041826432529818184,0.0003443123012478276,0.021685064660988358,0.018269691325393248,0.02045151156511865,0.01855565415844528,0.9575901968624,0.9076683071199618,0.9344966786802825,0.9126464511464517
08-11-2022-21-51-44_jpg.rf.60085f654d0853b0d161c69b5205205f.jpg,spoiled,493.79324557086625,1010.4581189162379,717.177349901575,992.0310620621242,0.1358164699638879,0.1058378784751737,0.1346534179023353,0.10696996193655235,12.67722687007874,18.5741831483663,14.92587352362205,18.040858081716166,8.95835760688256,9.181370114822126,9.035517359758268,9.159595678222683,0.0002424926114500667,0.0001805476361898226,0.00021979127210207551,0.00018126454505745522,0.015572174268549229,0.013436801561004859,0.014825359088469848,0.013463452196871915,0.943877427187846,0.8850234310634568,0.9186462779368347,0.8871195845064365
08-11-2022-21-51-49_jpg.rf.1f6d3aa0eeb46b5794f18bae8daa4ebe.jpg,spoiled,480.29029281496076,943.6174592349182,713.179810531496,1021.6798313596624,0.1393339986498289,0.10580949063202982,0.13563193976024113,0.10563169864285298,12.626537893700789,17.84747969495939,14.930671751968504,18.689317378634755,8.98276222605854,9.181882959953104,9.050149896006126,9.197145274836082,0.0002757177755566449,0.00020314275857022163,0.00025259828351687955,0.00020330997323907965,0.016604751595752493,0.014252815811979808,0.015893340854486182,0.01425868062757139,0.9458744540467997,0.8933757792605046,0.91971740260637,0.884556217313713
08-11-2022-21-52-03_jpg.rf.83b84f240bf1bf22aec38fdc1ae8c7f9.jpg,spoiled,519.1019931102362,977.8725277450553,704.1985113188978,1021.0945501891003,0.15061554095756546,0.12519397665290208,0.14733193826026708,0.11993203794110764,12.847810039370078,17.62266724533449,14.526021161417326,18.306528613057225,8.881579453481585,9.056219266960598,8.934641269626571,9.074782620359862,0.00041811863408883074,0.0003177001827994603,0.0003750432305552112,0.00032622813091121863,0.020447949385912288,0.01782414606087653,0.019366032907005275,0.018061786481719317,0.9467583206710122,0.8992284633435226,0.9276131756957444,0.8947762525985121
08-11-2022-21-52-41_jpg.rf.af6ef1ce8f54091a6288396595c94dd8.jpg,spoiled,506.6212475393701,1010.9366358732717,663.2759596456694,1036.9905759811522,0.20043404240359822,0.1701933329140587,0.21094367271903122,0.16683317227211694,11.549889271653543,16.51305102610205,12.220349409448824,16.566247132494265,8.497496254874207,8.701510657457558,8.501907571952694,8.692800861214739,0.001290148637426181,0.0010727647470546967,0.0012714244788841144,0.0010189139356516668,0.035918639136612356,0.03275308759574731,0.035657039682005495,0.03192043131995034,0.9537811244538058,0.9079203945678377,0.9395700174676124,0.9055496379031128
08-11-2022-21-53-34_jpg.rf.3fbe64bf235577b3b10c6028102b28e4.jpg,spoiled,529.9340551181102,1041.9409758819515,708.8745078740159,1033.5788951577902,0.1521395950937692,0.1181287850368643,0.13879006365096028,0.11498808206626554,12.648745078740157,18.23088846177692,14.588582677165357,18.2754045508091,8.920450113936244,9.146613268073146,9.005559629493415,9.161913834698687,0.00038897471593771313,0.00025352242408868214,0.0002873730723047384,0.0002454922759681218,0.019722441936477163,0.01592238751220062,0.01695208165107573,0.015668193130291757,0.944921064803469,0.8912235633459735,0.9261259581422951,0.8921029642903614
08-11-2022-21-54-13_jpg.rf.36c4a8627dc6d7c384950881f8d4ca24.jpg,spoiled,1468.417568897638,1661.5119350238697,355.5300196850394,1553.9650939301878,0.10249090967467375,0.09124623052560571,0.16093271899607065,0.09479958998388742,21.61491141732283,23.801599603199197,10.936269685039372,22.70363940727881,9.271755126276679,9.340447759161181,8.902530153350188,9.322319605187829,0.00016690914729485708,0.00015320707682769437,0.0003144716372440558,0.00015716064664195788,0.012919332308399575,0.012377684631129296,0.017733348167902636,0.012536372946030199,0.822210321307215,0.7981270531128173,0.9567761245633982,0.8111966705740609
08-11-2022-21-54-35_jpg.rf.0d4f06f485e90b2cac7e1d43f613ba4e.jpg,spoiled,1334.1533587598428,1514.0494140988283,351.21881151574803,1410.136648273297,0.1020652385390273,0.08885563907157006,0.15167868581674096,0.08970691581741849,20.736897145669296,22.815983631967264,11.398683562992126,22.33641267282535,9.276228726012446,9.34833022648924,8.958777409108256,9.345727808008396,0.00013970840929963113,0.0001257435089735329,0.00023262912736762972,0.00012785195140729424,0.011819831187442193,0.011213541321702655,0.015252184347418232,0.011307163720725646,0.8302512470801341,0.8071466518461583,0.9552666766579523,0.8203907649493231
08-11-2022-21-56-10_jpg.rf.17dbdb153f30b1f48cfcff0fb4761dc3.jpg,spoiled,1212.7955831692914,1404.6296112592227,312.4068036417324,1244.527001054002,0.11628704450012238,0.10135756382366685,0.15996692913011987,0.10180174400392737,19.37087844488189,21.57734515469031,10.620140255905513,20.494884989769975,9.18911152430265,9.26420493759506,8.87203491407771,9.258111849068474,0.0001750924522356857,0.0001563245732976679,0.0002956415214588243,0.00016270179480652836,0.013232250459981693,0.012502982576076314,0.017194229306916442,0.01275546137176262,0.8481493640175384,0.8238349830702427,0.9608271452690357,0.8439244915534203
08-11-2022-21-57-01_jpg.rf.daa492ce84814dba593f6e938edfd5b1.jpg,spoiled,1417.1571727362207,1643.1522103044206,415.611158956693,1515.8153636307275,0.1091574639400485,0.10095665616100771,0.1571000736124521,0.09516781267418127,21.017531988188978,23.05722611445223,11.64425442913386,22.608841217682436,9.242518447927127,9.293556665603308,8.90959195972489,9.309378808844961,0.00017338956797054218,0.00015826003503950712,0.00028879592671294727,0.00015794290377098334,0.013167747262555663,0.012580144476098322,0.016993996784539746,0.012567533718712807,0.8288510622284239,0.8007944604572765,0.9496382855083835,0.8162503059217833
08-11-2022-21-57-35_jpg.rf.b03d859f817681695a6d0825d96cddc1.jpg,spoiled,1508.612696850394,1589.1065162130321,325.19119094488195,1635.9964659929317,0.1094579286361583,0.09604149122740957,0.16886477914322567,0.09307448379730943,21.801673228346466,23.158224316448628,10.826033464566931,23.55812511625023,9.237726197963656,9.287570607628505,8.856486958003224,9.30148073225373,0.000179639153223619,0.00017056665026591873,0.0003877883732329966,0.0001653272573083679,0.013402953153078578,0.013060116778418129,0.01969234301024123,0.012857964742072047,0.8246866380225801,0.8152950167127261,0.9621056644665685,0.8098532782379729
08-11-2022-21-57-56_jpg.rf.b97a4fd1d4718d3f5a36738184c19776.jpg,spoiled,1421.165907972441,1485.7660115320232,334.71142962598424,1514.761051522103,0.09664557543892424,0.08605179975407548,0.1601737478166608,0.0857815376852149,22.14720718503937,23.231942463884927,11.156434547244096,23.312728625457243,9.326798986995964,9.366185923475989,8.950099193923883,9.36449572868919,0.00014131858097700569,0.0001341811227239542,0.00026656571867831236,0.00013486920147626636,0.011887749197262099,0.01158365757107634,0.016326840437706016,0.011613320002319162,0.8255671988688918,0.817241184955873,0.9587501715038038,0.8136794362953995
08-11-2022-21-59-27_jpg.rf.67d872dc0df6c411feccfed8ff89a4a8.jpg,spoiled,550.2055241141734,1182.5296670593345,869.2165354330712,1236.1447082894165,0.13740061400020498,0.10221764265493594,0.12332435134391875,0.09964650035856247,13.132074311023626,19.859197718395443,16.42507381889764,20.37076074152148,8.976052011368685,9.216473954071722,9.092127795526345,9.237498754164982,0.0003155482385183521,0.0001933770375073766,0.00022151118520987053,0.000185756277024365,0.017763677505470317,0.013906007245337412,0.014883251835868078,0.013629243450183324,0.93525541834414,0.8602437750132522,0.8979011457888977,0.8538966729386244
08-11-2022-21-59-35_jpg.rf.aceed8aef12018395b701f398cdb8960.jpg,spoiled,643.8083784448821,1200.3532767065535,858.3243110236223,1261.047926095852,0.13630446688818032,0.10173168674879808,0.12758905210123367,0.09883672429203844,14.105622539370081,20.033480066960138,16.212967519685044,20.49091698183396,9.014126443226031,9.229126815619496,9.077173851778495,9.242703242894494,0.0003049733272318108,0.00018893719974804327,0.0002369790506182576,0.00018308276433032494,0.017463485540745033,0.013745442872022832,0.015394123899016066,0.013530807970344009,0.9236614653785535,0.8566599867522238,0.8983489306761286,0.8494046387977975
08-11-2022-21-59-40_jpg.rf.0e26f51fe53992ea6a886213fd7e9848.jpg,spoiled,614.5326033464568,1249.4166408332815,888.0542568897635,1255.341062682125,0.13417971017662017,0.10271682480625019,0.12456052075016595,0.10223707422049419,14.129675196850398,20.542067084134167,16.50049212598425,20.479756959513914,9.015068099469133,9.23227228280858,9.097022839424898,9.23948256424506,0.00037032245695350777,0.00024324737098851092,0.0002957853205745473,0.00024661857247330334,0.019243764105639723,0.01559638967801558,0.0171984104083647,0.015704094130936153,0.9293983634139874,0.8556539051713817,0.8982840572581751,0.8549589079939757
08-11-2022-22-00-17_jpg.rf.5a87d821eed6529316447413a96dc310.jpg,spoiled,478.1928518700788,986.3093186186373,707.8606668307089,1051.1853183706364,0.17033506404064142,0.13976549920344405,0.17181973701467507,0.1348620638974819,12.099101870078742,17.293136586273175,13.690514271653544,17.969371938743876,8.710592136057937,8.915356297812185,8.753902091017807,8.940520045752024,0.0006446306227573395,0.00047311372445300545,0.0006059959629684886,0.00044031274124920356,0.025389577049595363,0.02175117754175634,0.02461698525344825,0.020983630316253752,0.9554136980199656,0.9078879098541474,0.9338522911514858,0.9018326839521142
08-11-2022-22-00-37_jpg.rf.a83ca141c9a93f89ba578fe505aff011.jpg,spoiled,485.2285925196851,964.6613553227105,703.669352854331,988.9629239258477,0.15461972044943123,0.12069951493937939,0.14196009879767463,0.1168600382871042,12.473302165354331,17.539401078802154,14.558132381889767,18.178126356252708,8.86526794225826,9.059727868329466,8.93669999384466,9.08492851131982,0.0006140449292617335,0.00048697332189133946,0.0005185131219871816,0.0004492231688908785,0.024779929968862573,0.022067472032186636,0.022770883206129303,0.02119488544179653,0.9468055650272778,0.8936589975760879,0.9227248214961057,0.8909812947371383
08-11-2022-22-00-43_jpg.rf.6a382f11a1d27e0c1be2de536be7d4c6.jpg,spoiled,444.8728469488189,917.7712195424392,721.1337967519687,992.6503813007627,0.15163209421139473,0.12038766770307331,0.13655931765657806,0.11216020506345961,12.137487696850393,16.843945687891377,14.54841289370079,17.98983197966396,8.88141056812345,9.061977661371929,8.965458937831611,9.105781609500863,0.0003804773234546469,0.0002696845867372682,0.0003122503193248575,0.00025976510505938124,0.019505827935636235,0.01642207620056819,0.017670606082555784,0.016117230067830553,0.9508080016660976,0.8980662156295333,0.9200461181787908,0.8897542116794512
08-11-2022-22-02-36_jpg.rf.3bd345c54a0a484e478b33554962e064.jpg,spoiled,611.4657357283465,1118.9262818525638,784.8358759842522,1220.0055180110362,0.17367675156523668,0.14572210507786573,0.17486773555376278,0.14257731179427452,13.026882381889768,18.023436046872096,14.043184055118113,18.561287122574246,8.69204391404833,8.883820571227083,8.71972957978819,8.891116670591266,0.000906250408692224,0.0007503863975425887,0.0008607247439104257,0.0007077774091068051,0.030103993234988344,0.027393181588537478,0.02933811077609507,0.026604086323473036,0.9419013745650752,0.8933287419550279,0.9251951572699265,0.8836957794138688
08-11-2022-22-02-49_jpg.rf.808bc524a88f29375df566278f67a9b2.jpg,spoiled,645.7647022637796,1170.286688573377,757.7666707677166,1265.246388492777,0.16891429986444495,0.1371400457786776,0.16615687410831703,0.1295731241873398,12.941867618110237,17.777915555831107,13.687069389763783,18.819579639159272,8.694934956597352,8.863382038808902,8.709748908121021,8.894690872245759,0.0006756533898809985,0.0005212388749534147,0.0006075645085860486,0.0005003043672154675,0.025993333566147272,0.02283065647223957,0.02464882367550323,0.0223674845974121,0.9265459605280613,0.8665258524356325,0.9140614181543081,0.8556880688529667
08-11-2022-22-03-36_jpg.rf.59069a8df79cefd3d33a0de85c599ceb.jpg,spoiled,565.2213336614175,997.5682931365862,684.052718996063,1099.8221216442432,0.14985914932797023,0.12184556830454113,0.14389602717651578,0.11589523295004717,13.125123031496065,17.71312542625085,14.436085137795276,19.042904085808168,8.858639111148927,9.034845566253844,8.908783450363991,9.079782743008497,0.0005436514779279561,0.00037992518169920693,0.0004533418490665106,0.0003668939695744106,0.023316335002052876,0.019491669546224277,0.021291825874417407,0.019154476489176377,0.9341232285318225,0.8834011903722012,0.92062941028864,0.8714463493495049
08-11-2022-22-03-46_jpg.rf.c4b85a508d6716867228c80996df67d6.jpg,spoiled,496.2348056102362,886.8183396366794,600.4030511811025,883.7440014880029,0.16463476931019644,0.13254688657106153,0.15498235280921643,0.12975511589438204,12.355991633858267,17.03943207886416,13.765132874015746,17.138012276024547,8.766594120241113,8.963381521454282,8.83240202421596,8.972166476465778,0.0009190239327744282,0.0007014905219592819,0.0008066146503386758,0.0006872388349525905,0.030315407514569685,0.026485666349164824,0.02840096213755224,0.026215240509150216,0.9431475001515759,0.8984683534429192,0.9313602630287775,0.898817611095948
08-11-2022-22-04-53_jpg.rf.898d4dacb6b481c54a1b26ce0edeb6d8.jpg,spoiled,549.2627337598426,996.964597929196,623.5159940944883,930.1018662037325,0.14890501559186842,0.11205836336765204,0.1469458454864634,0.11761108656791637,13.195927657480315,18.47913695827392,13.9365157480315,17.511253022506047,8.867480345640978,9.079082836331482,8.886097214144968,9.042162652143714,0.00045576562100389827,0.0003221227224896015,0.00043619758870377137,0.0003451945027766304,0.021348667897644065,0.017947777647653245,0.02088534387324689,0.018579410721996283,0.9335285873848365,0.8794859981969444,0.9253592142768632,0.8875689428209932
08-11-2022-22-05-41_jpg.rf.1911a77bc56f9cf0c0dd5e34b6227e0f.jpg,spoiled,1493.2735605314963,1558.6539773079548,202.50695127952758,1522.0218860437722,0.12367630371177087,0.11346079557259266,0.18398728744361947,0.10645039047672761,21.047797736220478,21.822679645359294,8.878875492125987,22.078306156612314,9.116791825138058,9.152479076336245,8.709068839639183,9.178938078858177,0.000250568067054103,0.00023893246372889922,0.00045478173231737105,0.00022669311877156832,0.015829341965290376,0.015457440400302348,0.021325612120578652,0.015056331517722647,0.8477550951800182,0.8412206217202277,0.979326623215305,0.8449583794377855
08-11-2022-22-06-09_jpg.rf.22c8c2df12f95b3ce321774219b61305.jpg,spoiled,1354.5986097440948,1504.8622357244717,336.38656496062987,1429.5759811519624,0.10252732750897578,0.0948566072191918,0.1533724128517584,0.08966071312486003,20.9310408464567,22.582863165726334,11.21062992125984,22.49407898815798,9.27141427814892,9.33282535291695,8.948669111009382,9.345655509935803,0.00014579149031344942,0.00013490187560696282,0.0002482937705133222,0.00013453861615392648,0.012074414698586819,0.011614726669490023,0.01575734021062318,0.01159907824587482,0.8449733769745311,0.8274349878787999,0.9613624992135285,0.8360778302227999
08-11-2022-22-06-15_jpg.rf.a281f03d8553c96d25178f3e485c3b81.jpg,spoiled,1381.4445127952758,1561.6715233430468,371.3983759842521,1456.8783557567117,0.10752097931525097,0.0972518697407687,0.1456119247057546,0.08954706163283083,21.06200787401575,23.101494202988412,11.699557086614174,22.658627317254634,9.266564507765587,9.340059410832312,8.97278476642006,9.346203234675743,0.00015110070503344136,0.00013709488637899715,0.0002590597832562853,0.00013907839831303696,0.0122923026741714,0.011708752554349978,0.01609533420766047,0.011793150482930207,0.8357184656773882,0.8138539762010509,0.9556699081119944,0.8263562097639696
08-11-2022-22-06-53_jpg.rf.d12a42faca27d57ba39fc8f21fa94031.jpg,spoiled,1424.4825295275593,1585.6826833653665,274.3108390748032,1419.873767747536,0.11296424415215267,0.0989016084375487,0.1735430699599718,0.10651839457409193,21.235974409448826,23.238762477524954,10.214013287401578,21.430466860933727,9.235715033414472,9.304987347042177,8.862719031901303,9.25360329101019,0.00023201419693855016,0.0002049090836355148,0.00042555834623388025,0.00022726203304722324,0.015232012241938035,0.014314645774014626,0.02062906556860684,0.015075212537381463,0.851533234814286,0.8345783522979724,0.9713346435258522,0.8518834148422892
